unit,s_adj,indic,geo\time,2021M02,2021M01,2020M12,2020M11,2020M10,2020M09,2020M08,2020M07,2020M06,2020M05,2020M04,2020M03,2020M02,2020M01,2019M12,2019M11,2019M10,2019M09,2019M08,2019M07,2019M06,2019M05,2019M04,2019M03,2019M02,2019M01,2018M12,2018M11,2018M10,2018M09,2018M08,2018M07,2018M06,2018M05,2018M04,2018M03,2018M02,2018M01,2017M12,2017M11,2017M10,2017M09,2017M08,2017M07,2017M06,2017M05,2017M04,2017M03,2017M02,2017M01,2016M12,2016M11,2016M10,2016M09,2016M08,2016M07,2016M06,2016M05,2016M04,2016M03,2016M02,2016M01,2015M12,2015M11,2015M10,2015M09,2015M08,2015M07,2015M06,2015M05,2015M04,2015M03,2015M02,2015M01,2014M12,2014M11,2014M10,2014M09,2014M08,2014M07,2014M06,2014M05,2014M04,2014M03,2014M02,2014M01,2013M12,2013M11,2013M10,2013M09,2013M08,2013M07,2013M06,2013M05,2013M04,2013M03,2013M02,2013M01,2012M12,2012M11,2012M10,2012M09,2012M08,2012M07,2012M06,2012M05,2012M04,2012M03,2012M02,2012M01,2011M12,2011M11,2011M10,2011M09,2011M08,2011M07,2011M06,2011M05,2011M04,2011M03,2011M02,2011M01,2010M12,2010M11,2010M10,2010M09,2010M08,2010M07,2010M06,2010M05,2010M04,2010M03,2010M02,2010M01,2009M12,2009M11,2009M10,2009M09,2009M08,2009M07,2009M06,2009M05,2009M04,2009M03,2009M02,2009M01,2008M12,2008M11,2008M10,2008M09,2008M08,2008M07,2008M06,2008M05,2008M04,2008M03,2008M02,2008M01,2007M12,2007M11,2007M10,2007M09,2007M08,2007M07,2007M06,2007M05,2007M04,2007M03,2007M02,2007M01,2006M12,2006M11,2006M10,2006M09,2006M08,2006M07,2006M06,2006M05,2006M04,2006M03,2006M02,2006M01,2005M12,2005M11,2005M10,2005M09,2005M08,2005M07,2005M06,2005M05,2005M04,2005M03,2005M02,2005M01,2004M12,2004M11,2004M10,2004M09,2004M08,2004M07,2004M06,2004M05,2004M04,2004M03,2004M02,2004M01,2003M12,2003M11,2003M10,2003M09,2003M08,2003M07,2003M06,2003M05,2003M04,2003M03,2003M02,2003M01,2002M12,2002M11,2002M10,2002M09,2002M08,2002M07,2002M06,2002M05,2002M04,2002M03,2002M02,2002M01,2001M12,2001M11,2001M10,2001M09,2001M08,2001M07,2001M06,2001M05,2001M04,2001M03,2001M02,2001M01,2000M12,2000M11,2000M10,2000M09,2000M08,2000M07,2000M06,2000M05,2000M04,2000M03,2000M02,2000M01,1999M12,1999M11,1999M10,1999M09,1999M08,1999M07,1999M06,1999M05,1999M04,1999M03,1999M02,1999M01,1998M12,1998M11,1998M10,1998M09,1998M08,1998M07,1998M06,1998M05,1998M04,1998M03,1998M02,1998M01,1997M12,1997M11,1997M10,1997M09,1997M08,1997M07,1997M06,1997M05,1997M04,1997M03,1997M02,1997M01,1996M12,1996M11,1996M10,1996M09,1996M08,1996M07,1996M06,1996M05,1996M04,1996M03,1996M02,1996M01
HICP2015,NSA,CP-HI00,AT,109.39,109.05,109.79,109.13,108.93,108.67,107.82,108.14,108.25,107.81,108.75,108.5,107.92,107.91,108.69,107.92,107.72,107.42,106.34,106.26,107.11,107.18,107.12,106.81,105.61,105.62,106.74,106.64,106.62,106.11,104.82,104.83,105.46,105.4,105.29,105.05,104.12,103.86,104.94,104.27,104.12,103.9,102.46,102.47,103.06,103.21,103.27,102.94,102.13,101.91,102.55,101.79,101.72,101.33,100.33,100.49,101.04,101.04,100.93,100.82,99.76,99.85,100.95,100.32,100.35,100.25,99.73,99.89,100.4,100.45,100.28,100.15,98.75,98.48,99.88,99.84,99.7,99.69,98.79,98.77,99.43,99.44,99.35,99.22,98.3,98.01,99.08,98.33,98.3,98.31,97.37,97.15,97.77,97.94,97.82,97.8,96.87,96.54,97.15,96.92,96.85,96.55,95.47,95.13,95.62,95.63,95.82,95.55,94.38,93.88,94.4,94.17,94.11,93.9,93.34,93.19,93.53,93.56,93.64,93.09,91.97,91.24,91.3,90.68,90.68,90.35,90.0,89.76,90.22,90.23,90.28,90.09,89.16,88.98,89.35,89.08,88.9,88.8,88.62,88.26,88.62,88.71,88.65,88.49,88.33,87.9,88.42,88.56,88.79,88.82,88.48,88.64,88.9,88.66,88.18,87.95,87.16,86.89,87.14,86.61,86.2,85.63,85.42,85.39,85.45,85.45,85.3,84.94,84.54,84.28,84.22,83.91,83.8,83.85,83.97,83.71,83.84,83.83,83.82,83.34,83.12,82.84,82.87,82.63,82.77,82.73,82.26,82.13,82.3,82.09,82.08,82.26,81.87,81.6,81.62,81.22,81.06,80.68,80.75,80.44,80.68,80.53,80.24,80.34,80.02,79.67,79.62,79.4,79.2,79.22,79.01,78.79,78.89,78.88,78.98,79.06,78.85,78.71,78.57,78.36,78.36,78.19,78.19,77.98,78.11,78.12,77.98,77.63,77.53,77.4,77.27,77.07,77.1,76.95,76.66,76.85,76.96,76.86,76.71,76.33,76.21,75.96,75.93,75.64,75.35,75.14,74.85,74.78,75.0,74.71,74.78,74.92,74.85,74.28,74.57,73.92,73.7,73.42,73.49,73.35,73.27,73.56,73.49,73.49,73.42,73.27,73.35,73.2,73.13,72.99,73.13,73.13,73.13,73.27,73.42,73.35,73.27,73.06,72.99,72.84,72.63,72.56,72.63,72.56,72.56,72.56,72.56,72.63,72.56,72.2,72.27,72.05,71.84,71.69,71.69,71.91,71.84,71.62,71.69,71.77,71.55,71.34
HICP2015,NSA,CP-HI00,BE,109.08,107.82,108.76,108.27,108.47,108.21,107.38,109.05,108.33,107.92,108.1,108.32,108.74,107.17,108.38,108.02,108.01,107.7,108.34,107.21,108.09,108.16,108.11,107.86,107.62,105.69,107.39,107.63,107.8,107.1,107.41,105.93,106.68,106.38,106.01,105.56,105.53,103.82,105.08,104.61,104.44,104.15,104.64,103.13,103.95,104.02,104.35,103.99,104.0,102.03,102.96,102.46,102.56,102.15,102.59,101.3,102.4,102.04,101.65,101.46,100.67,98.99,100.74,100.7,100.62,100.36,100.58,99.27,100.6,100.43,100.11,99.82,99.56,97.2,99.3,99.31,99.47,99.46,99.83,98.43,99.74,99.59,99.74,99.94,99.97,97.82,99.69,99.25,99.15,99.26,99.43,97.91,99.19,98.9,98.98,99.14,99.14,96.74,98.54,98.37,98.45,98.27,98.35,96.33,97.59,97.71,97.8,97.75,97.65,95.34,96.53,96.28,95.9,95.77,95.86,94.46,95.52,95.2,95.05,94.8,94.48,92.31,93.55,93.02,92.91,92.78,92.67,90.81,92.5,92.48,92.16,91.75,91.28,89.2,90.49,90.3,90.12,90.14,90.51,88.65,90.1,90.21,90.31,90.04,90.54,88.5,90.19,90.32,90.92,91.07,91.16,90.21,91.06,90.43,89.65,89.47,88.82,86.68,87.82,87.5,86.76,86.36,86.52,85.19,86.1,86.04,86.14,85.71,85.71,83.73,85.17,85.06,84.88,85.13,85.54,84.09,85.0,84.93,84.63,84.16,84.22,82.33,83.44,83.4,83.44,83.56,83.59,82.1,82.93,82.65,82.55,82.39,81.86,80.14,81.2,81.45,81.58,81.19,81.27,79.92,80.75,80.82,80.57,80.11,80.05,78.59,79.6,79.64,79.51,79.75,79.64,78.32,79.18,78.93,79.24,79.38,79.16,77.51,78.32,78.23,78.34,78.41,78.33,77.25,77.99,78.2,78.09,78.04,77.86,76.61,77.29,77.4,77.4,77.49,77.38,76.37,77.34,77.2,76.8,76.12,75.98,74.64,75.83,76.04,75.9,76.04,75.47,74.35,75.12,74.84,74.63,74.49,74.14,72.66,73.64,73.36,73.22,73.15,72.94,73.08,72.94,73.08,72.94,72.66,72.59,72.44,72.16,72.23,72.23,72.23,72.3,72.59,72.44,72.51,72.16,71.74,71.88,71.74,71.67,71.81,71.74,71.67,71.6,71.74,71.6,71.6,71.25,71.03,71.32,71.39,71.03,70.89,70.89,70.54,70.4,70.4,70.47,70.61,70.47,70.12,69.98,69.91
HICP2015,NSA,CP-HI00,BG,107.16,106.59,106.43,105.89,105.87,105.7,107.01,106.58,105.69,105.76,106.01,106.46,106.95,106.94,106.41,105.56,105.23,105.07,106.33,106.13,104.73,104.76,104.6,103.95,103.73,103.43,103.21,103.25,103.55,103.39,103.75,103.41,102.34,101.84,101.45,101.13,101.31,101.08,100.88,100.21,99.94,99.81,100.03,99.85,99.35,99.52,99.74,99.28,99.8,99.77,99.1,98.36,98.46,98.55,99.29,99.25,98.27,98.14,98.12,98.28,98.89,99.4,99.6,99.19,99.46,99.62,100.41,100.34,100.15,100.7,100.66,100.19,99.86,99.8,100.5,100.14,100.66,100.58,101.26,101.35,100.72,101.03,101.54,101.32,101.61,102.21,102.5,102.07,102.19,102.03,102.29,102.49,102.56,102.85,102.9,103.35,103.8,103.62,103.38,103.08,103.31,103.38,103.03,102.46,101.3,101.82,101.94,101.7,101.56,100.96,100.6,100.34,100.26,99.93,99.91,100.05,99.68,99.99,99.89,99.98,99.58,99.04,98.59,97.84,97.32,97.14,96.93,96.77,96.27,96.69,96.68,95.57,95.22,94.95,94.39,94.09,93.92,93.76,93.93,93.81,93.94,93.83,93.83,93.33,93.65,93.28,92.87,93.26,93.67,93.57,92.76,92.86,91.55,91.14,90.37,89.71,88.9,87.98,86.64,85.74,84.24,83.96,82.96,81.15,79.79,79.96,79.7,79.23,79.2,78.79,77.66,76.95,76.14,75.63,75.92,75.95,75.78,76.52,76.35,75.87,75.7,73.81,73.2,72.68,72.35,71.79,70.95,70.47,69.94,70.23,70.35,69.54,69.2,68.6,68.16,67.32,66.9,66.79,66.17,66.46,65.67,66.85,66.83,66.64,66.69,66.46,65.56,64.41,63.25,62.81,62.22,61.76,61.22,62.57,62.96,62.78,62.54,62.46,62.06,61.3,61.2,60.6,60.13,60.53,60.46,61.5,62.8,62.87,62.39,61.39,59.78,59.41,59.28,58.28,57.55,57.37,57.48,57.53,57.5,57.6,57.57,57.38,57.03,56.78,56.35,55.68,54.45,52.88,52.56,52.43,52.36,52.9,53.07,52.49,51.26,50.58,50.35,49.78,49.04,48.68,47.09,47.52,47.95,48.25,48.73,49.05,47.92,47.72,47.98,47.83,46.34,46.19,46.53,48.23,49.05,48.83,48.76,48.15,47.15,47.04,46.59,46.22,44.51,42.19,41.17,40.59,39.84,40.0,37.12,10.84,7.28,,,,,,,,,,,
HICP2015,NSA,CP-HI00,CH,100.32,100.24,100.19,100.09,100.45,100.44,100.54,100.63,100.53,100.65,100.87,100.78,100.7,100.8,101.17,100.92,101.37,101.56,101.94,101.87,101.82,101.63,101.85,101.23,100.92,100.63,101.24,101.24,101.65,101.47,101.46,101.47,101.11,101.15,100.76,100.56,100.24,99.95,100.45,100.22,100.5,100.39,100.17,100.24,100.16,100.13,100.31,99.85,99.71,99.15,99.35,99.43,99.73,99.63,99.63,99.66,99.74,99.71,99.59,99.36,98.98,98.82,99.51,99.63,99.98,99.93,99.59,100.13,100.32,100.2,100.12,100.39,99.92,100.28,100.9,100.8,101.1,101.2,100.7,101.0,100.9,101.1,101.0,100.8,100.3,100.3,100.9,100.7,101.0,101.2,100.7,101.1,101.0,100.9,100.9,100.9,100.5,100.2,100.7,100.5,101.0,101.0,100.3,100.6,100.8,101.1,101.3,101.2,100.4,100.2,101.0,100.7,101.2,101.2,100.7,101.3,102.2,102.2,102.4,102.3,101.6,101.1,101.4,101.4,101.5,100.9,101.1,101.1,101.6,101.9,102.2,101.4,101.1,101.1,100.9,101.2,101.3,100.7,100.9,100.8,101.1,100.9,100.9,100.0,100.2,100.3,100.8,101.4,102.4,101.8,102.0,102.2,102.4,102.1,101.5,100.7,100.4,100.4,100.4,100.2,99.8,99.0,98.9,99.0,99.6,99.5,99.3,98.3,98.1,97.9,98.4,98.4,98.5,98.2,98.4,98.3,98.9,98.9,98.8,98.0,98.1,97.9,97.9,98.0,98.3,97.5,97.1,97.0,97.5,97.7,97.8,97.0,96.8,96.5,96.9,,,,,,,,,,,,,,,,,,,,,,,,,,,,,,,,,,,,,,,,,,,,,,,,,,,,,,,,,,,,,,,,,,,,,,,,,,,,,,,,,,,,,,,,,,,,,,,,,,,,,,,,,,,
HICP2015,NSA,CP-HI00,CY,98.5,98.41,99.24,99.67,99.87,99.7,100.5,99.73,99.97,99.62,99.52,99.59,99.37,99.22,100.03,100.73,101.27,101.65,103.49,101.81,102.26,101.03,100.74,99.49,98.36,98.53,99.31,100.25,101.78,102.11,102.91,101.67,101.92,100.87,99.51,98.43,97.58,96.47,98.32,98.66,99.84,100.45,101.22,100.24,100.19,99.92,99.78,98.83,97.99,97.92,98.73,98.48,99.46,100.32,100.74,100.3,99.31,99.03,97.74,97.37,96.65,97.25,98.67,99.25,100.48,100.73,101.37,100.7,101.32,100.97,99.85,99.51,98.83,98.31,99.23,100.73,102.36,102.69,103.34,103.19,103.48,102.74,101.61,100.88,99.59,99.04,100.19,100.75,102.08,102.67,102.54,102.28,103.43,102.84,102.02,101.78,100.86,100.62,101.46,101.55,102.6,102.39,102.46,101.58,102.58,102.69,101.95,100.47,99.05,98.63,100.01,100.11,100.01,98.84,98.05,97.89,99.74,99.01,98.38,97.05,96.05,95.68,96.02,96.21,96.93,96.38,95.43,94.59,95.4,95.07,95.02,94.0,93.13,92.86,94.19,94.58,93.88,93.0,92.25,92.08,93.43,93.35,92.68,91.85,90.62,90.64,92.74,93.69,94.87,94.17,93.05,92.81,93.32,92.85,92.13,91.06,90.12,89.81,91.08,90.84,90.49,89.7,88.56,88.1,88.7,88.73,88.29,87.19,86.04,86.3,87.8,88.03,88.12,87.65,86.61,86.09,87.22,87.04,86.87,85.99,84.99,85.07,86.5,86.85,86.69,85.7,84.29,83.74,84.98,84.89,84.74,83.78,83.06,83.38,85.29,85.15,84.8,83.91,83.07,82.67,83.73,83.2,82.47,81.82,81.12,81.14,82.13,83.0,83.13,82.43,80.8,80.33,81.76,82.18,82.4,81.79,79.98,79.85,80.31,80.01,80.16,79.81,78.93,78.28,78.84,78.3,78.01,76.9,76.32,76.44,77.91,77.63,78.06,77.17,75.81,75.41,77.23,76.57,76.23,75.38,74.59,74.79,76.3,76.27,75.99,75.51,74.47,74.75,74.91,75.31,74.98,74.25,72.53,73.63,73.55,73.19,72.91,72.2,70.52,71.38,71.18,71.06,70.83,70.61,69.3,70.54,71.04,71.37,71.7,72.04,70.84,70.48,70.92,70.66,70.47,69.67,69.09,69.33,70.48,70.75,70.23,69.3,68.16,69.56,68.64,68.73,69.43,68.7,66.47,67.83,67.91,67.82,67.82,67.18,65.97,67.07,66.85,66.96,66.76,66.46,64.45,66.48
HICP2015,NSA,CP-HI00,CZ,113.1,112.9,111.4,111.6,111.7,111.6,112.3,112.3,111.7,111.1,110.6,110.8,110.8,110.5,108.8,108.6,108.5,108.0,108.5,108.4,108.0,107.8,107.1,107.0,106.8,106.5,105.4,105.4,105.7,105.3,105.7,105.7,105.5,105.1,104.6,104.3,104.3,104.4,103.7,103.7,103.6,103.1,103.2,103.4,103.0,103.0,102.8,102.7,102.7,102.3,101.5,101.2,100.8,100.6,100.8,101.0,100.6,100.5,100.7,100.1,100.1,100.0,99.4,99.6,100.0,100.1,100.2,100.5,100.7,100.5,100.2,99.8,99.6,99.5,99.5,99.6,99.9,99.8,100.0,100.0,99.8,99.8,99.7,99.7,99.6,99.6,99.5,99.0,99.1,99.0,99.3,99.5,99.8,99.3,99.6,99.4,99.3,99.3,98.0,98.0,98.3,98.0,98.1,98.1,98.3,98.1,97.9,97.9,97.6,97.4,95.7,95.3,94.9,94.7,94.8,94.9,94.7,94.7,94.2,94.0,93.9,93.8,93.1,92.6,92.4,92.7,92.9,93.1,92.8,92.9,92.7,92.3,92.1,92.0,91.0,90.9,90.9,91.0,91.5,91.6,92.0,92.0,91.9,92.0,91.8,91.8,90.5,90.8,91.4,91.3,91.5,91.7,91.3,91.1,90.8,90.4,90.6,90.5,87.6,87.2,86.4,85.9,86.1,85.9,85.6,85.3,85.0,84.4,84.1,83.9,83.1,82.9,83.1,83.5,83.9,83.7,83.4,83.3,82.9,82.7,82.8,82.8,81.9,82.1,82.4,81.7,81.8,81.8,81.5,81.0,81.0,80.8,80.8,80.8,80.3,80.4,80.5,80.1,80.7,80.7,80.5,80.3,79.9,79.8,79.7,79.6,78.4,78.2,78.0,77.9,78.2,78.3,78.3,78.3,78.3,78.1,78.2,78.0,77.6,77.6,77.7,77.9,78.4,78.5,78.3,78.5,78.6,78.6,78.6,78.6,77.5,77.4,77.6,77.6,78.2,78.3,77.6,76.9,76.4,76.1,76.0,76.0,74.6,74.5,74.4,74.2,74.4,74.3,73.7,73.2,73.0,73.1,73.1,73.0,71.7,71.4,71.2,71.2,71.4,71.4,70.8,70.6,70.6,70.4,70.6,70.6,70.0,70.1,70.3,70.5,70.6,70.8,69.6,69.3,69.2,69.0,68.9,68.5,66.1,65.9,65.6,65.3,65.1,64.6,62.7,61.9,61.8,61.4,61.3,61.1,60.4,60.1,59.8,59.6,59.5,59.4,58.9,58.4,58.1,57.6,57.3,57.0
HICP2015,NSA,CP-HI00,DE,107.4,106.8,105.3,104.7,105.8,105.8,106.2,106.4,106.9,106.2,106.2,105.8,105.7,105.1,106.0,105.4,106.3,106.2,106.3,106.4,106.0,105.7,105.4,104.4,103.9,103.4,104.4,104.2,105.4,105.3,105.2,105.2,104.4,104.3,103.2,103.0,102.2,101.7,102.7,102.0,102.7,103.0,103.0,102.9,102.3,101.8,101.9,101.3,101.0,100.2,101.2,100.3,101.2,101.1,101.1,101.2,100.6,100.5,99.9,99.8,98.9,98.5,99.6,99.5,100.5,100.5,100.8,100.9,100.5,100.6,100.2,99.7,99.0,98.1,99.4,99.3,99.3,99.7,99.7,99.6,99.4,99.0,99.2,99.4,99.2,98.6,99.3,98.8,98.6,98.9,98.9,98.9,98.5,98.3,98.1,98.7,98.2,97.5,98.1,97.2,97.4,97.4,97.4,97.0,96.6,96.8,97.0,96.9,96.5,95.7,96.1,95.4,95.4,95.3,95.2,95.2,94.8,94.8,94.9,94.7,94.1,93.5,94.0,92.9,92.8,92.7,92.9,92.8,92.6,92.5,92.4,92.5,92.0,91.7,92.3,91.5,91.6,91.6,92.0,91.7,91.8,91.4,91.5,91.4,91.6,91.1,91.5,91.2,91.7,92.0,92.0,92.3,91.8,91.5,90.9,91.1,90.6,90.2,90.5,89.9,89.4,89.3,89.1,89.3,88.8,88.7,88.6,88.2,88.0,87.6,87.8,87.0,87.1,87.0,87.4,87.5,87.1,87.0,86.8,86.5,86.4,86.1,86.6,85.7,86.2,86.2,85.9,85.7,85.3,85.2,84.9,84.9,84.6,84.3,84.8,83.8,84.2,84.0,84.3,84.1,83.9,83.9,83.7,83.4,83.1,82.9,82.9,82.2,82.4,82.4,82.5,82.5,82.3,82.1,82.3,82.5,82.4,82.0,82.0,81.1,81.4,81.5,81.6,81.8,81.5,81.6,81.5,81.5,81.4,81.1,81.1,80.2,80.4,80.6,80.7,80.9,80.8,80.7,80.3,80.0,80.0,79.5,80.0,79.1,79.1,79.2,79.0,79.2,78.9,78.4,78.6,78.6,78.6,78.5,78.3,78.0,77.9,78.0,78.2,78.2,77.8,77.8,77.8,77.5,77.3,77.2,77.2,77.2,77.2,77.4,77.7,77.8,77.5,77.5,77.2,77.1,77.2,77.0,77.1,76.9,76.9,77.0,77.2,77.2,76.9,76.8,76.5,76.7,76.8,76.5,76.0,75.7,75.8,75.9,75.9,76.0,75.8,75.7,75.6,75.7,75.6,75.1
HICP2015,NSA,CP-HI00,DK,103.5,103.0,102.8,103.0,103.2,102.9,103.1,103.5,102.6,102.5,102.6,102.7,103.0,102.6,102.4,102.6,102.9,102.4,102.7,103.1,102.4,102.7,102.7,102.4,102.3,101.8,101.6,102.0,102.3,102.0,102.2,102.7,101.9,102.0,101.8,101.2,101.2,100.6,100.9,101.3,101.6,101.5,101.4,101.8,100.8,101.0,101.1,100.8,100.7,100.0,100.1,100.0,100.2,99.9,99.9,100.3,100.4,100.3,100.1,99.9,99.8,99.3,99.8,99.9,100.1,100.2,99.9,100.2,100.3,100.4,100.4,100.2,99.7,98.9,99.5,99.8,100.0,99.9,99.6,99.7,99.9,100.0,100.0,99.9,99.8,99.2,99.4,99.5,99.8,99.6,99.3,99.2,99.5,99.7,99.5,99.7,99.5,98.4,98.9,99.3,99.4,99.5,99.2,98.8,98.9,99.0,99.0,99.0,98.4,97.5,97.1,97.1,97.2,97.0,96.7,96.7,96.8,97.0,96.9,96.4,95.8,94.9,94.8,94.7,94.6,94.8,94.4,94.0,94.0,94.2,94.2,94.0,93.4,92.5,92.2,92.5,92.5,92.4,92.3,92.0,92.5,92.3,92.0,92.1,91.7,90.8,91.2,91.6,91.8,92.0,91.6,91.4,91.7,91.4,91.0,90.7,90.2,89.3,89.0,89.1,88.4,88.0,87.4,87.6,88.0,88.2,88.0,87.8,87.4,86.6,86.9,86.9,86.9,87.0,86.7,86.7,86.9,86.7,86.6,86.1,85.8,85.1,85.5,85.4,85.7,85.8,85.0,85.0,85.1,85.0,85.0,84.6,84.0,83.4,83.6,83.8,84.1,83.7,83.1,83.4,83.7,83.9,83.6,83.5,83.1,82.7,82.8,82.9,82.8,83.0,82.4,82.4,82.9,83.0,83.1,83.2,82.5,81.9,81.8,81.8,81.8,81.6,81.1,81.0,81.3,81.3,81.2,80.8,80.3,79.8,79.7,79.6,79.7,79.7,79.2,79.3,79.6,79.7,79.3,78.8,78.4,78.0,78.1,78.2,78.2,78.0,77.3,77.5,77.8,77.6,77.3,77.1,76.6,76.2,76.3,76.1,76.0,75.9,75.7,75.4,75.6,75.4,75.1,74.9,74.5,74.1,74.0,74.2,74.1,74.1,73.8,73.9,74.2,74.2,73.9,73.7,73.5,73.3,73.2,73.4,73.3,73.3,73.1,72.9,73.3,73.2,72.7,72.6,72.3,72.1,72.1,72.2,72.1,72.0,71.6,71.5,71.6,71.7,71.5,71.3,70.8,70.4
HICP2015,NSA,CP-HI00,EA,105.54,105.32,105.15,104.8,105.15,104.96,104.88,105.32,105.69,105.33,105.43,105.13,104.56,104.37,105.43,105.1,105.44,105.29,105.06,104.91,105.41,105.24,105.1,104.35,103.3,102.97,104.05,104.1,104.68,104.42,104.01,103.85,104.09,103.97,103.32,102.91,101.78,101.56,102.49,102.14,102.34,102.29,101.89,101.62,102.08,101.98,102.07,101.49,100.66,100.26,101.13,100.6,100.96,100.72,100.34,100.28,100.77,100.59,100.17,99.96,98.73,98.56,100.03,100.01,100.45,100.32,100.12,100.11,100.72,100.71,100.43,100.0,98.85,98.24,99.78,99.88,100.06,100.12,99.68,99.57,100.22,100.11,100.22,100.07,99.14,98.83,99.95,99.6,99.68,99.8,99.32,99.2,99.73,99.62,99.51,99.6,98.44,98.08,99.11,98.76,98.95,98.72,98.01,97.63,98.15,98.22,98.36,97.9,96.65,96.17,96.96,96.63,96.55,96.21,95.51,95.33,95.88,95.89,95.88,95.35,94.08,93.68,94.36,93.79,93.71,93.43,93.14,92.95,93.35,93.35,93.25,92.87,91.85,91.57,92.32,92.03,91.92,91.71,91.69,91.38,91.98,91.8,91.75,91.42,91.08,90.71,91.47,91.59,92.04,92.01,91.84,91.97,92.11,91.76,91.19,90.9,90.02,89.7,90.05,89.69,89.21,88.78,88.45,88.39,88.61,88.52,88.31,87.75,87.17,86.92,87.37,87.03,87.0,86.93,86.93,86.85,86.96,86.89,86.66,86.09,85.59,85.35,85.74,85.45,85.64,85.42,84.98,84.78,84.87,84.78,84.6,84.25,83.62,83.32,83.85,83.53,83.59,83.26,83.17,83.0,83.18,83.14,82.88,82.46,81.94,81.75,81.95,81.7,81.66,81.54,81.25,81.13,81.25,81.15,81.21,81.08,80.62,80.3,80.36,79.97,80.03,79.84,79.64,79.59,79.67,79.71,79.56,79.21,78.76,78.63,78.54,78.19,78.24,78.18,77.97,78.03,78.21,78.1,77.73,77.27,76.86,76.63,76.96,76.68,76.52,76.5,76.2,76.14,76.04,75.76,75.67,75.6,75.37,75.13,75.09,74.84,74.74,74.71,74.67,74.58,74.45,74.45,74.4,74.15,73.94,73.76,73.81,73.77,73.77,73.79,73.85,73.83,73.8,73.76,73.61,73.46,73.4,73.2,73.26,73.18,73.09,73.07,73.02,72.9,72.83,72.8,72.6,72.65,72.59,72.42,72.19,72.01,72.0,71.93,71.8,71.84,71.84,71.83,71.66,71.54,71.29,70.97
HICP2015,NSA,CP-HI00,EA18,105.52,105.3,105.12,104.77,105.13,104.93,104.85,105.3,105.67,105.31,105.41,105.11,104.53,104.34,105.41,105.08,105.41,105.27,105.04,104.89,105.39,105.22,105.08,104.33,103.27,102.95,104.04,104.08,104.66,104.41,104.0,103.84,104.07,103.96,103.31,102.89,101.76,101.54,102.47,102.12,102.33,102.28,101.87,101.61,102.07,101.97,102.06,101.48,100.65,100.25,101.13,100.59,100.96,100.72,100.34,100.28,100.77,100.59,100.17,99.96,98.72,98.55,100.03,100.01,100.45,100.33,100.12,100.11,100.72,100.71,100.43,100.0,98.85,98.24,99.78,99.88,100.06,100.12,99.68,99.56,100.22,100.11,100.22,100.07,99.14,98.83,99.95,99.6,99.68,99.8,99.32,99.2,99.73,99.62,99.51,99.6,98.44,98.08,99.11,98.76,98.96,98.72,98.01,97.63,98.15,98.22,98.36,97.9,96.65,96.17,96.96,96.64,96.55,96.21,95.52,95.34,95.89,95.89,95.89,95.35,94.08,93.69,94.36,93.8,93.71,93.43,93.14,92.96,93.35,93.35,93.25,92.87,91.85,91.56,92.32,92.03,91.92,91.71,91.69,91.38,91.99,91.8,91.76,91.43,91.09,90.72,91.48,91.6,92.04,92.01,91.83,91.97,92.1,91.75,91.18,90.89,90.01,89.69,90.01,89.66,89.18,88.74,88.4,88.35,88.56,88.47,88.26,87.7,87.12,86.87,87.31,86.98,86.94,86.88,86.87,86.79,86.9,86.84,86.6,86.02,85.53,85.29,85.67,85.38,85.57,85.35,84.9,84.7,84.8,84.7,84.52,84.17,83.55,83.25,83.77,83.45,83.51,83.19,83.09,82.92,83.1,83.06,82.79,82.37,81.85,81.66,81.84,81.59,81.56,81.44,81.15,81.02,81.14,81.04,81.09,80.97,80.5,80.18,80.22,79.83,79.89,79.7,79.5,79.45,79.53,79.56,79.42,79.06,78.61,78.49,78.39,78.04,78.09,78.03,77.81,77.87,78.05,77.94,77.57,77.1,76.69,76.46,76.78,76.49,76.34,76.3,75.97,75.9,75.83,75.57,75.48,75.4,75.13,74.89,74.87,74.6,74.5,74.46,74.38,74.29,74.19,74.19,74.14,73.88,73.63,73.47,73.52,73.48,73.48,73.5,73.52,73.5,73.5,73.46,73.31,73.13,73.03,72.85,72.91,72.82,72.72,72.69,72.61,72.49,72.45,72.42,72.22,72.24,72.14,71.99,71.77,71.58,71.56,71.48,71.31,71.35,71.38,71.36,71.19,71.06,70.76,70.46
HICP2015,NSA,CP-HI00,EA19,105.54,105.32,105.15,104.8,105.15,104.96,104.88,105.32,105.69,105.33,105.43,105.13,104.56,104.37,105.43,105.1,105.44,105.29,105.06,104.91,105.41,105.24,105.1,104.35,103.3,102.97,104.05,104.1,104.68,104.42,104.01,103.85,104.09,103.97,103.32,102.91,101.78,101.56,102.49,102.14,102.34,102.29,101.89,101.62,102.08,101.98,102.07,101.49,100.66,100.26,101.13,100.6,100.96,100.72,100.34,100.28,100.77,100.59,100.17,99.96,98.73,98.56,100.03,100.01,100.45,100.32,100.12,100.11,100.72,100.71,100.43,100.0,98.85,98.24,99.78,99.88,100.06,100.12,99.68,99.57,100.22,100.11,100.22,100.07,99.14,98.84,99.95,99.6,99.68,99.8,99.32,99.2,99.73,99.63,99.52,99.61,98.45,98.09,99.11,98.76,98.96,98.73,98.02,97.64,98.15,98.23,98.36,97.91,96.66,96.18,96.96,96.64,96.55,96.22,95.52,95.34,95.89,95.9,95.89,95.35,94.08,93.69,94.36,93.79,93.71,93.42,93.13,92.95,93.35,93.35,93.24,92.86,91.85,91.56,92.31,92.02,91.92,91.71,91.69,91.38,91.99,91.8,91.76,91.44,91.1,90.73,91.47,91.59,92.03,92.0,91.82,91.95,92.09,91.74,91.17,90.87,89.98,89.67,89.98,89.63,89.15,88.71,88.37,88.31,88.52,88.43,88.22,87.66,87.08,86.83,87.27,86.94,86.9,86.83,86.83,86.75,86.85,86.79,86.55,85.98,85.48,85.24,85.62,85.33,85.52,85.3,84.86,84.66,84.75,84.66,84.47,84.12,83.5,83.2,83.72,83.4,83.46,83.14,83.04,82.88,83.05,83.01,82.74,82.32,81.8,81.61,81.79,81.54,81.51,81.39,81.1,80.98,81.1,81.0,81.05,80.93,80.46,80.14,80.17,79.79,79.85,79.66,79.46,79.41,79.49,79.52,79.38,79.02,78.58,78.45,78.36,78.01,78.06,77.99,77.78,77.84,78.02,77.9,77.54,77.07,76.66,76.43,76.75,76.46,76.3,76.26,75.93,75.87,75.8,75.54,75.45,75.37,75.1,74.86,74.83,74.57,74.47,74.43,74.35,74.26,74.16,74.16,74.11,73.85,73.61,73.44,73.49,73.45,73.45,73.47,73.49,73.47,73.47,73.43,73.28,73.1,73.0,72.82,72.88,72.79,72.69,72.65,72.58,72.46,72.41,72.38,72.18,72.2,72.11,71.95,71.73,71.53,71.52,71.44,71.27,71.31,71.33,71.32,71.14,71.01,70.71,70.4
HICP2015,NSA,CP-HI00,EE,111.16,110.22,109.62,109.63,109.51,110.22,110.38,109.69,109.67,108.91,109.52,109.89,110.56,109.94,110.59,110.95,111.45,111.7,111.87,111.1,111.47,110.93,110.5,108.83,108.38,108.18,108.64,108.97,109.86,109.26,109.55,108.87,108.65,107.61,107.04,106.44,106.37,105.28,105.15,105.56,105.16,105.56,105.8,105.36,104.55,104.41,104.06,103.46,103.08,101.61,101.34,101.06,101.09,101.56,101.52,101.38,101.37,100.88,100.49,100.41,99.65,98.85,99.01,99.71,100.05,99.82,100.41,100.61,100.94,100.89,100.53,99.95,99.3,98.78,99.18,99.17,100.08,100.14,100.25,100.47,100.64,100.36,100.13,99.94,99.53,99.3,99.12,99.16,99.61,99.93,100.43,100.49,100.29,99.72,99.33,99.24,98.42,97.77,97.13,97.16,97.47,97.4,96.98,96.67,96.38,96.24,96.04,95.62,94.64,94.25,93.72,93.59,93.52,93.6,93.08,92.82,92.31,92.45,92.09,91.36,90.62,90.02,90.04,89.61,89.33,88.84,88.15,88.18,87.97,87.62,87.37,86.93,85.87,85.65,85.41,85.31,85.52,85.59,85.74,85.82,85.1,85.26,85.24,85.75,86.15,86.51,87.04,87.17,87.36,87.04,86.38,86.16,85.54,84.99,84.48,83.62,82.95,82.63,80.94,80.37,79.37,78.56,77.74,77.47,76.74,76.32,75.71,75.17,74.38,74.27,73.76,73.55,72.99,73.07,73.24,72.72,72.4,72.06,71.67,71.17,71.1,70.73,70.18,70.29,70.34,70.39,69.77,69.58,69.34,68.89,68.71,68.41,68.0,67.61,67.7,67.57,67.31,67.08,66.96,67.0,67.18,66.96,65.68,65.25,65.03,64.91,64.6,64.69,64.75,64.62,64.45,64.42,64.36,64.56,64.7,64.8,64.66,64.47,63.84,63.91,63.97,63.65,63.54,63.86,64.07,64.12,63.96,63.44,63.23,62.89,62.16,62.04,62.04,62.0,61.86,61.84,61.7,61.57,61.19,60.77,60.52,60.31,59.65,59.55,59.2,58.65,58.46,58.38,57.84,57.67,57.58,57.51,57.11,57.09,56.79,56.36,56.18,56.04,56.01,56.11,56.08,56.1,55.91,55.77,55.51,55.4,54.78,54.72,54.74,54.65,54.74,54.82,54.5,54.4,54.21,53.96,53.53,53.01,52.11,51.71,51.28,50.82,50.6,50.38,50.15,49.84,48.92,48.23,47.83,47.55,46.96,46.69,46.36,46.11,45.92,46.36,46.23,45.95,45.72,44.95,44.24,42.87
HICP2015,NSA,CP-HI00,EL,99.39,99.2,100.49,100.31,101.13,100.91,99.45,100.17,101.56,102.23,102.39,102.51,101.27,101.63,102.95,102.51,103.23,103.3,101.74,102.32,103.54,102.93,103.33,102.32,100.86,100.54,101.88,101.96,103.59,103.08,101.66,101.87,103.29,102.33,102.23,101.26,100.09,100.0,101.24,100.9,101.8,101.93,100.77,101.08,102.3,101.56,101.72,101.06,99.69,99.79,100.27,99.85,101.33,100.88,100.18,100.16,101.38,100.08,100.07,99.4,98.28,98.3,99.98,100.01,100.75,100.94,99.75,99.96,101.15,100.28,100.5,100.07,98.21,98.42,99.59,100.12,100.84,101.72,100.14,101.23,102.27,101.73,102.35,101.97,100.12,101.21,102.18,101.36,102.69,102.85,100.38,102.09,103.79,103.95,104.0,103.51,100.99,102.65,104.07,104.34,104.67,103.9,101.36,102.57,104.05,104.25,104.62,103.76,100.85,102.6,103.74,103.91,103.71,103.61,100.21,101.65,103.07,103.28,103.05,102.38,99.19,100.53,101.53,101.04,100.83,100.7,98.81,99.55,99.98,100.15,99.38,98.16,95.24,95.82,96.55,96.42,95.81,95.31,93.54,94.34,95.04,95.11,94.87,94.45,92.59,93.64,94.15,94.43,94.64,94.61,92.63,93.68,94.39,94.44,93.8,93.03,90.93,91.82,92.13,91.67,90.98,90.35,88.36,89.27,89.95,89.99,89.83,89.13,86.97,88.36,88.71,88.2,88.34,87.76,86.0,86.9,87.64,87.69,87.59,86.73,84.41,85.76,85.96,85.47,85.66,85.12,83.13,83.6,84.72,84.89,84.6,83.94,81.85,83.25,83.05,82.62,82.59,81.99,80.25,80.49,82.09,82.26,81.91,81.62,79.36,79.86,80.53,80.09,79.95,79.65,78.03,78.03,79.73,79.82,79.47,79.29,77.32,77.51,78.11,77.54,77.53,77.12,75.55,75.4,76.92,77.13,76.96,76.31,74.16,75.03,75.47,74.63,74.53,74.3,72.76,72.75,74.24,74.31,73.94,73.13,71.46,71.61,72.9,72.53,72.22,71.43,69.96,69.83,71.06,71.49,71.3,70.88,69.1,69.4,70.32,69.71,69.59,69.34,67.99,68.05,69.53,69.65,69.83,68.97,67.32,67.81,68.73,68.36,68.42,68.42,67.07,67.01,68.48,68.3,68.05,66.95,65.3,65.66,66.28,65.79,65.48,65.17,64.07,63.95,65.3,65.05,64.74,64.19,62.72,62.97,63.4,62.66,62.6,62.11,60.7,60.76,61.86,61.74,61.25,60.64,58.92,59.04
HICP2015,NSA,CP-HI00,ES,103.27,103.87,104.28,104.12,104.01,103.69,103.23,103.23,104.87,104.41,104.35,103.98,103.36,103.42,104.88,105.01,104.97,104.28,103.87,103.98,105.18,105.31,105.06,103.9,102.47,102.26,104.0,104.52,104.77,104.06,103.41,103.31,104.56,104.32,103.36,102.59,101.37,101.22,102.74,102.73,102.4,101.77,101.15,100.98,102.22,102.16,102.21,101.29,100.16,100.5,101.5,100.95,100.71,99.93,99.21,99.25,100.59,100.17,99.65,99.16,97.21,97.63,100.09,100.47,100.21,99.9,99.5,99.9,101.46,101.27,100.83,100.15,98.18,98.04,100.22,100.88,101.12,101.04,100.02,99.93,101.49,101.54,101.57,100.94,99.36,99.49,101.37,101.35,101.34,101.32,100.54,100.29,101.44,101.33,101.23,101.16,99.31,99.22,101.06,101.05,101.29,100.83,98.92,98.42,99.26,99.5,99.71,98.64,96.51,96.48,98.11,98.09,97.87,97.46,96.31,96.34,97.48,97.66,97.78,96.93,94.7,94.6,95.86,95.33,95.03,94.61,93.75,93.54,94.6,94.49,94.46,93.8,91.61,91.82,93.19,93.21,92.71,92.06,92.29,91.92,92.68,92.22,92.26,91.36,91.21,91.19,92.36,92.83,93.24,92.92,92.97,93.15,93.58,93.04,92.4,91.41,90.59,90.46,91.04,90.65,90.0,88.85,88.59,88.44,89.06,88.89,88.64,87.4,86.73,86.67,87.3,87.05,86.84,86.48,86.65,86.45,86.94,86.8,86.49,85.26,84.66,84.6,84.99,84.8,84.67,84.02,83.5,83.11,83.63,83.37,83.24,82.07,81.35,81.16,81.94,82.0,81.81,80.97,80.84,80.45,81.03,80.9,80.45,79.34,78.76,78.69,79.34,79.21,78.95,78.43,78.24,77.85,78.3,78.24,78.3,77.65,77.07,76.94,77.26,77.0,76.87,76.16,75.9,75.64,76.16,76.16,75.9,74.86,74.21,74.15,74.28,74.08,73.89,73.56,73.17,73.11,73.63,73.43,73.17,72.52,71.94,71.94,72.46,72.26,72.07,71.94,71.68,71.42,70.97,70.77,70.64,70.38,70.06,69.93,69.67,69.41,69.28,69.34,69.21,68.89,68.56,68.56,68.56,68.3,68.04,67.98,67.78,67.59,67.65,67.65,67.65,67.46,67.14,67.14,67.01,66.88,66.81,67.01,66.88,66.68,66.62,66.62,66.29,65.97,65.84,65.84,65.77,65.77,65.71,65.77,65.64,65.45,65.45,65.38,65.19,64.99,64.93,64.99,64.73,64.34,64.08,63.95
HICP2015,NSA,CP-HI00,EU,107.0,106.72,106.41,106.07,106.37,106.17,106.13,106.51,106.76,106.38,106.37,106.14,105.66,105.44,106.14,105.85,106.03,105.9,105.73,105.59,105.9,105.79,105.58,104.85,104.02,103.64,104.5,104.51,104.91,104.66,104.32,104.12,104.28,104.16,103.6,103.17,102.35,102.12,102.82,102.5,102.55,102.44,102.08,101.83,102.15,102.09,102.1,101.58,100.93,100.49,101.16,100.65,100.87,100.64,100.34,100.28,100.65,100.48,100.13,99.93,98.98,98.83,100.02,100.01,100.34,100.23,100.11,100.12,100.59,100.62,100.36,99.97,99.07,98.57,99.84,99.93,100.14,100.15,99.84,99.74,100.26,100.16,100.25,100.07,99.36,99.04,99.92,99.58,99.66,99.74,99.33,99.2,99.6,99.55,99.45,99.46,98.56,98.16,98.95,98.62,98.75,98.48,97.87,97.52,97.89,98.0,98.09,97.63,96.64,96.14,96.68,96.35,96.2,95.9,95.3,95.1,95.51,95.56,95.48,94.9,93.88,93.44,93.83,93.23,93.09,92.81,92.56,92.38,92.64,92.6,92.47,92.07,91.24,90.94,91.39,91.1,90.95,90.77,90.74,90.48,90.9,90.72,90.55,90.25,89.93,89.46,90.01,90.17,90.51,90.48,90.23,90.26,90.34,89.97,89.41,89.04,88.3,87.92,88.11,87.75,87.3,86.85,86.53,86.42,86.65,86.54,86.31,85.83,85.31,85.03,85.4,85.08,85.02,84.95,84.91,84.76,84.85,84.76,84.47,83.92,83.52,83.28,83.62,83.38,83.53,83.33,82.95,82.77,82.83,82.75,82.55,82.21,81.69,81.42,81.85,81.56,81.58,81.27,81.17,81.03,81.2,81.16,80.85,80.47,80.03,79.84,80.08,79.84,79.82,79.71,79.42,79.28,79.39,79.34,79.38,79.25,78.82,78.5,78.62,78.27,78.32,78.14,77.93,77.85,77.96,77.99,77.85,77.5,77.08,76.96,76.93,76.62,76.69,76.67,76.44,76.44,76.69,76.58,76.18,75.72,75.34,75.12,75.5,75.28,75.12,75.09,74.71,74.66,74.68,74.46,74.34,74.24,73.98,73.75,73.86,73.61,73.52,73.5,73.37,73.26,73.28,73.3,73.22,72.95,72.67,72.52,72.65,72.58,72.57,72.58,72.53,72.47,72.55,72.54,72.35,72.13,72.0,71.83,71.95,71.87,71.78,71.74,71.61,71.45,71.47,71.43,71.22,71.19,71.07,70.92,70.8,70.61,70.58,70.53,70.32,70.28,70.39,70.37,70.19,70.0,69.7,69.4
HICP2015,NSA,CP-HI00,EU27_2020,106.55,106.27,105.97,105.63,105.92,105.73,105.69,106.06,106.31,105.94,105.93,105.7,105.22,105.0,105.76,105.42,105.67,105.49,105.31,105.22,105.57,105.44,105.26,104.5,103.57,103.22,104.08,104.11,104.62,104.35,103.97,103.86,104.03,103.9,103.32,102.88,101.94,101.75,102.49,102.17,102.29,102.17,101.81,101.61,101.97,101.9,101.97,101.43,100.75,100.35,101.04,100.53,100.82,100.56,100.25,100.24,100.66,100.49,100.12,99.89,98.85,98.71,99.97,99.97,100.35,100.24,100.08,100.14,100.66,100.7,100.42,100.01,99.0,98.46,99.79,99.9,100.09,100.13,99.78,99.72,100.27,100.18,100.28,100.13,99.34,99.05,99.98,99.65,99.75,99.85,99.44,99.36,99.81,99.72,99.64,99.69,98.69,98.34,99.17,98.87,99.05,98.82,98.17,97.84,98.3,98.36,98.45,98.01,96.88,96.39,96.95,96.63,96.49,96.14,95.55,95.41,95.89,95.94,95.88,95.37,94.2,93.81,94.28,93.74,93.63,93.35,93.06,92.93,93.2,93.18,93.06,92.68,91.79,91.51,92.0,91.76,91.63,91.44,91.42,91.19,91.69,91.51,91.41,91.08,90.73,90.32,90.85,90.97,91.35,91.28,91.08,91.22,91.3,90.96,90.4,90.08,89.27,88.94,89.06,88.71,88.21,87.75,87.38,87.31,87.48,87.38,87.15,86.61,86.07,85.8,86.12,85.82,85.76,85.7,85.67,85.58,85.67,85.61,85.35,84.79,84.35,84.1,84.39,84.15,84.3,84.06,83.63,83.46,83.52,83.43,83.25,82.87,82.32,82.02,82.43,82.15,82.2,81.86,81.74,81.62,81.75,81.69,81.39,80.98,80.5,80.3,80.36,80.11,80.03,79.88,79.56,79.47,79.58,79.5,79.54,79.41,78.96,78.64,78.6,78.24,78.26,78.05,77.84,77.8,77.89,77.94,77.81,77.44,77.02,76.86,76.68,76.32,76.3,76.17,75.91,75.93,76.08,75.94,75.52,75.01,74.59,74.31,74.44,74.13,73.91,73.76,73.34,73.24,73.06,72.76,72.59,72.42,72.1,71.8,71.6,,,,,,,,,,,,,,,,,,,,,,,,,,,,,,,,,,,,,,,,,,,,,,,
HICP2015,NSA,CP-HI00,EU28,,,,,,,,,,,,,,105.44,106.14,105.85,106.03,105.9,105.73,105.59,105.9,105.79,105.58,104.85,104.02,103.64,104.5,104.51,104.91,104.66,104.32,104.12,104.28,104.16,103.6,103.17,102.35,102.12,102.82,102.5,102.55,102.44,102.08,101.83,102.15,102.09,102.1,101.58,100.93,100.49,101.16,100.65,100.87,100.64,100.34,100.28,100.65,100.48,100.13,99.93,98.98,98.83,100.02,100.01,100.34,100.23,100.11,100.12,100.59,100.62,100.36,99.97,99.07,98.57,99.84,99.93,100.14,100.15,99.84,99.74,100.26,100.16,100.25,100.07,99.36,99.04,99.92,99.58,99.66,99.74,99.33,99.2,99.6,99.55,99.45,99.46,98.56,98.16,98.94,98.61,98.74,98.47,97.87,97.52,97.89,98.0,98.08,97.62,96.62,96.12,96.67,96.34,96.19,95.89,95.29,95.09,95.5,95.56,95.48,94.9,93.87,93.44,93.82,93.23,93.08,92.81,92.56,92.38,92.64,92.6,92.47,92.07,91.24,90.95,91.39,91.11,90.96,90.77,90.75,90.49,90.91,90.72,90.56,90.25,89.93,89.47,90.01,90.17,90.51,90.48,90.24,90.27,90.34,89.97,89.4,89.03,88.29,87.92,88.1,87.74,87.28,86.84,86.52,86.41,86.64,86.53,86.3,85.81,85.29,85.02,85.39,85.06,84.97,84.9,84.86,84.72,84.81,84.72,84.42,83.88,83.49,83.24,83.54,83.3,83.43,83.21,82.84,82.65,82.69,82.61,82.41,82.05,81.54,81.26,81.67,81.37,81.38,81.06,80.95,80.82,80.96,80.92,80.62,80.23,79.81,79.62,79.73,79.48,79.42,79.27,78.97,78.85,78.95,78.9,78.93,78.79,78.37,78.05,78.09,77.75,77.77,77.57,77.35,77.29,77.4,77.44,77.3,76.94,76.54,76.4,76.27,75.95,75.95,75.86,75.61,75.58,75.79,75.66,75.21,74.72,74.32,74.06,74.27,74.01,73.79,73.67,73.23,73.15,73.04,72.76,72.6,72.41,72.12,71.83,71.76,,,,,,,,,,,,,,,,,,,,,,,,,,,,,,,,,,,,,,,,,,,,,,,
HICP2015,NSA,CP-HI00,FI,105.12,104.76,104.3,104.1,104.22,104.11,104.09,104.07,103.77,103.52,103.58,104.03,104.2,103.72,104.1,103.92,103.98,103.83,103.79,103.38,103.71,103.67,103.9,103.15,103.04,102.48,102.93,103.13,103.05,102.78,102.51,102.36,102.55,102.37,102.32,101.98,101.74,101.26,101.59,101.67,101.32,101.35,101.12,100.94,101.34,101.32,101.5,101.1,101.12,100.41,101.08,100.8,100.82,100.57,100.35,100.31,100.46,100.4,100.49,100.18,99.69,99.52,99.98,100.15,100.19,100.02,99.87,99.82,100.12,100.11,100.22,100.2,99.83,99.49,100.23,100.38,100.53,100.7,100.07,99.91,100.05,100.0,100.3,100.16,99.91,99.63,99.68,99.32,99.35,99.22,98.84,98.96,98.99,99.05,99.06,98.88,98.37,97.79,97.79,97.58,97.67,97.43,96.85,96.51,96.76,96.66,96.71,96.49,96.02,95.3,94.53,94.57,94.37,94.21,93.8,93.6,94.0,93.77,93.9,93.73,93.19,92.49,92.13,91.65,91.44,91.06,90.65,90.3,90.87,90.66,90.84,90.58,90.04,89.71,89.65,89.5,89.34,89.79,89.5,89.12,89.74,89.37,89.42,89.23,88.9,88.3,88.06,88.35,88.81,88.83,88.34,88.1,88.34,88.05,87.58,87.44,86.57,86.16,85.18,85.37,85.07,84.83,84.45,84.44,84.67,84.55,84.81,84.42,83.81,83.29,83.56,83.54,83.54,83.41,83.33,83.09,83.47,83.46,83.53,83.09,82.84,82.21,82.54,82.45,82.72,82.76,82.25,82.0,82.26,82.03,82.33,82.11,81.78,81.26,81.71,81.7,82.1,81.81,81.47,81.27,81.44,81.5,81.39,81.39,81.77,81.36,81.59,81.52,81.58,81.66,81.27,81.12,81.51,81.6,81.7,81.72,81.44,80.76,80.63,80.63,80.86,80.65,80.31,80.33,80.6,80.75,80.58,80.26,79.79,79.63,79.27,79.26,79.51,79.58,78.9,78.75,79.38,79.32,78.62,78.23,77.84,77.37,77.45,77.59,77.66,77.59,76.8,76.73,77.09,76.8,76.44,76.3,75.8,75.22,75.29,75.08,75.08,75.01,74.65,74.57,74.79,74.79,74.57,73.93,73.79,73.5,73.64,73.71,73.93,74.0,73.71,73.57,73.93,73.79,73.64,73.28,73.14,73.14,73.07,73.07,73.14,73.0,72.92,72.78,72.78,72.64,72.42,72.13,71.92,71.85,71.92,71.78,71.92,71.85,71.7,71.99,71.99,71.99,71.78,71.63,71.49,71.2
HICP2015,NSA,CP-HI00,FR,106.07,106.03,105.75,105.5,105.27,105.3,105.89,106.01,105.58,105.49,105.32,105.34,105.27,105.24,105.78,105.27,105.2,105.28,105.67,105.11,105.35,105.06,104.93,104.55,103.64,103.52,104.1,104.0,104.24,104.12,104.35,103.8,103.93,103.92,103.43,103.22,102.05,102.06,102.16,101.8,101.7,101.58,101.74,101.17,101.58,101.59,101.57,101.47,100.73,100.57,100.9,100.55,100.54,100.5,100.74,100.39,100.8,100.65,100.18,100.09,99.31,99.02,100.09,99.86,100.07,99.99,100.36,100.0,100.49,100.56,100.3,100.17,99.42,98.7,99.82,99.75,99.92,99.89,100.26,99.78,100.16,100.21,100.18,100.21,99.7,99.09,99.73,99.35,99.39,99.52,99.72,99.22,99.57,99.39,99.35,99.46,98.65,98.34,98.9,98.54,98.71,98.51,98.76,98.05,98.56,98.51,98.56,98.39,97.49,97.03,97.41,96.99,96.69,96.43,96.46,95.91,96.39,96.31,96.24,95.9,95.07,94.6,94.88,94.41,94.29,94.15,94.19,93.95,94.26,94.27,94.14,93.85,93.36,92.79,93.01,92.74,92.59,92.49,92.7,92.19,92.65,92.52,92.39,92.24,92.06,91.67,92.07,92.32,92.79,92.84,92.87,92.93,93.18,92.79,92.26,91.91,91.18,90.98,90.99,90.62,90.08,89.83,89.7,89.32,89.61,89.48,89.25,88.77,88.36,88.17,88.51,88.3,88.19,88.4,88.58,88.29,88.46,88.46,88.08,87.69,87.31,86.97,87.04,86.93,87.12,87.13,86.75,86.39,86.54,86.43,86.37,86.22,85.63,85.06,85.54,85.43,85.39,85.16,85.08,84.87,85.04,85.01,84.67,84.44,84.06,83.68,83.66,83.56,83.48,83.3,82.94,82.73,82.83,82.67,82.72,82.85,82.51,81.87,81.7,81.56,81.61,81.47,81.31,81.13,81.2,81.24,81.13,80.8,80.45,80.37,79.98,79.87,80.08,80.03,79.87,79.87,80.05,79.99,79.48,79.07,78.69,78.47,78.82,78.85,78.67,78.74,78.32,78.15,78.29,78.08,77.92,77.92,77.53,77.43,77.44,77.07,77.03,76.96,76.82,76.67,76.91,76.91,76.92,76.69,76.43,76.16,76.41,76.36,76.41,76.5,76.46,76.34,76.65,76.57,76.54,76.36,76.23,75.92,76.21,76.18,76.05,76.1,75.96,75.74,75.85,75.86,75.75,75.74,75.67,75.49,75.33,75.16,75.22,75.02,74.78,74.94,75.11,75.19,74.99,74.9,74.42,74.13
HICP2015,NSA,CP-HI00,HR,103.32,103.08,102.96,103.36,103.6,103.18,103.27,103.48,103.14,102.58,102.71,102.68,102.65,103.12,103.25,103.39,103.79,103.54,103.73,104.12,103.59,103.3,102.86,102.2,101.41,101.32,101.96,102.6,103.12,102.96,103.16,103.2,103.06,102.27,102.0,101.09,100.62,100.75,100.95,101.29,101.43,101.32,101.0,100.95,100.86,100.45,100.6,99.92,99.7,99.51,99.69,99.72,99.84,99.7,99.55,99.72,99.77,99.49,99.23,98.82,98.32,98.6,98.99,99.55,100.13,100.38,101.02,100.81,100.97,100.68,100.11,99.72,98.88,98.77,99.29,99.99,100.64,100.88,101.12,101.04,100.91,100.66,100.21,99.7,99.25,99.4,99.39,99.72,100.13,100.68,100.84,100.49,100.45,100.29,100.29,99.78,99.4,98.99,98.94,99.06,99.37,99.04,98.52,97.88,98.29,98.52,97.28,96.47,95.19,94.6,94.77,95.16,95.02,94.54,94.61,94.62,94.87,95.19,94.81,94.53,93.72,93.26,92.79,92.87,92.69,92.56,92.7,92.84,93.01,92.9,92.65,92.2,91.74,91.61,91.21,91.78,91.44,91.32,91.98,92.02,92.43,92.1,91.92,91.16,90.9,90.4,89.56,90.16,90.38,90.51,90.61,90.9,90.68,89.88,88.81,88.14,87.54,87.58,87.09,86.3,85.5,85.19,84.61,84.16,84.51,84.7,84.25,83.65,83.03,82.81,82.62,82.6,82.31,82.38,82.77,82.74,83.37,83.07,82.57,82.04,81.79,81.23,80.91,80.67,80.57,80.21,80.24,80.23,80.09,79.79,79.67,79.13,78.57,77.91,77.81,77.65,77.54,77.31,77.81,77.83,78.01,78.04,77.37,77.11,76.81,76.84,76.32,76.25,76.11,76.08,76.43,76.37,75.89,75.81,75.35,75.62,75.27,75.11,74.71,74.55,74.57,74.49,74.1,74.16,74.19,74.19,73.87,73.57,73.44,73.44,72.64,72.51,72.6,72.86,72.76,72.21,72.73,72.84,72.38,71.23,71.47,71.07,70.94,70.68,70.45,70.22,69.8,69.84,69.37,68.65,68.53,68.15,67.78,67.45,66.99,66.64,66.92,66.78,66.62,66.74,66.37,66.4,65.96,65.84,65.69,65.45,64.8,64.61,64.33,64.3,63.98,64.03,64.2,64.16,63.74,63.44,63.17,62.88,,,,,,,,,,,,,,,,,,,,,,,,
HICP2015,NSA,CP-HI00,HU,115.94,115.12,114.08,113.72,113.91,113.7,114.24,114.25,112.92,112.45,111.95,112.48,112.22,111.92,110.96,110.66,110.58,109.91,109.89,109.98,109.75,110.0,109.2,108.23,107.47,106.88,106.58,106.98,107.35,106.82,106.49,106.44,106.11,105.75,105.06,104.29,104.18,104.01,103.68,103.66,103.34,103.01,102.95,102.92,102.85,102.79,102.63,102.21,102.22,101.87,101.46,101.06,101.1,100.45,100.28,100.69,100.87,100.66,100.37,99.53,99.38,99.52,99.66,100.0,100.02,99.76,100.35,100.97,100.99,100.81,100.1,99.7,99.06,98.56,98.72,99.4,99.79,99.87,100.22,100.45,100.29,100.19,100.12,100.23,100.01,99.93,99.56,99.32,100.08,100.4,99.93,99.99,100.41,100.17,100.29,100.01,99.74,99.12,98.97,98.93,99.0,98.84,98.39,98.27,98.45,98.44,98.51,97.73,96.96,96.41,94.19,93.96,93.38,92.89,92.85,92.96,93.22,93.44,93.26,92.6,91.66,91.3,90.49,90.11,89.93,89.58,89.71,90.13,90.1,89.94,89.31,88.55,87.98,87.78,86.5,86.67,86.22,86.36,86.58,87.04,85.81,85.77,84.47,83.73,83.32,82.66,82.07,82.37,82.75,82.45,82.49,82.99,82.74,82.64,81.89,81.42,80.94,80.74,79.4,79.14,78.73,78.07,77.54,77.58,77.58,77.3,76.67,76.32,75.87,75.21,73.93,73.84,73.68,73.35,72.37,71.63,71.5,71.31,70.55,70.02,69.62,69.36,69.37,69.4,69.27,69.25,69.13,69.46,69.5,69.31,68.9,68.4,68.07,67.71,67.18,67.23,67.18,66.86,66.81,67.02,67.02,66.99,66.39,66.22,65.87,65.11,63.65,63.56,63.16,62.67,62.33,62.52,62.38,62.14,62.08,62.07,61.55,61.05,60.27,60.21,60.24,59.91,59.5,59.69,59.76,60.05,59.76,59.25,58.81,58.25,57.48,57.46,57.45,57.28,57.01,57.13,57.04,56.89,56.36,55.92,55.4,54.63,53.81,53.65,53.44,53.09,52.46,52.24,51.63,51.38,51.12,50.71,50.23,49.66,48.93,48.55,48.3,48.01,47.76,47.57,47.22,47.03,46.71,46.2,45.66,45.06,43.92,43.79,43.69,43.28,43.03,43.22,43.38,43.28,42.77,42.33,41.82,41.09,39.88,39.44,38.93,38.49,37.95,37.88,37.95,37.28,36.77,36.29,35.66,34.9,33.63,33.31,33.02,32.58,32.13,32.04,31.91,31.66,30.99,30.48,30.01,29.31
HICP2015,NSA,CP-HI00,IE,101.3,101.0,100.8,100.6,100.3,100.8,101.2,101.3,101.5,101.1,101.7,102.1,101.7,101.1,101.8,101.6,101.8,102.0,102.3,101.9,102.1,101.9,102.0,101.6,100.8,100.0,100.7,100.8,101.2,101.4,101.7,101.4,101.0,100.9,100.3,100.5,100.1,99.2,99.9,100.0,100.1,100.2,100.8,100.4,100.3,100.2,100.4,100.0,99.4,98.9,99.4,99.5,99.6,100.0,100.4,100.6,100.9,100.2,99.7,99.4,99.1,98.7,99.6,99.7,100.0,100.3,100.8,100.5,100.8,100.4,99.9,100.0,99.3,98.7,99.4,99.8,100.1,100.4,100.6,100.3,100.4,100.2,100.2,100.2,99.7,99.1,99.7,99.6,99.7,99.9,100.0,99.9,99.9,99.8,99.9,100.0,99.6,98.8,99.4,99.3,99.8,99.9,99.9,99.1,99.2,99.4,99.4,99.4,98.4,97.3,97.7,97.8,97.8,97.5,97.4,97.2,97.4,97.6,97.6,97.3,96.9,96.1,96.3,96.1,96.3,96.2,96.4,96.2,96.3,96.4,96.2,96.1,96.0,95.8,96.5,97.0,97.0,97.3,97.6,97.4,98.3,98.3,98.6,98.5,98.4,98.3,99.1,99.8,99.9,100.2,100.0,99.9,100.4,100.0,99.4,99.3,98.3,97.1,97.8,97.7,97.2,97.1,96.9,96.5,96.6,96.4,96.1,95.7,95.1,94.2,94.8,94.4,94.4,94.4,94.6,94.0,94.0,93.9,93.4,92.9,92.6,91.5,92.0,92.2,92.4,92.4,91.8,91.3,91.4,91.1,90.9,90.4,90.2,89.4,90.3,90.2,90.0,89.9,89.9,89.3,89.6,89.2,89.0,88.7,88.4,87.6,88.2,87.8,87.8,87.8,87.7,87.1,87.4,87.4,87.5,87.1,86.5,85.7,85.6,85.0,85.0,84.6,84.3,83.8,84.3,84.1,83.7,83.0,82.3,81.8,81.9,81.3,81.4,81.0,80.7,80.5,80.7,80.1,79.6,79.0,78.4,77.7,78.5,78.5,78.4,78.0,77.8,77.4,77.4,76.9,76.4,75.9,75.4,74.8,75.0,74.1,74.0,73.9,73.6,73.1,73.4,73.2,72.7,72.3,72.1,71.6,72.2,72.0,72.0,72.0,71.8,71.7,71.9,71.5,71.3,70.9,70.5,70.2,70.7,70.4,70.2,70.1,69.8,70.0,70.1,69.9,69.9,69.8,69.8,69.3,70.0,69.7,69.6,69.7,69.3,68.9,69.1,68.9,68.8,68.9,68.6,68.1
HICP2015,NSA,CP-HI00,IS,104.62,103.77,103.95,103.59,103.7,104.16,105.01,104.34,103.81,102.78,101.83,101.17,101.76,100.31,101.56,100.94,101.97,102.68,104.1,104.48,103.52,101.88,101.89,100.13,99.1,99.66,100.68,98.84,100.08,99.87,102.31,102.8,101.25,99.03,98.7,98.8,98.09,97.86,98.73,97.41,99.16,98.66,100.16,100.93,99.83,99.05,99.39,98.54,99.12,98.52,99.75,99.65,100.32,101.37,102.87,102.91,102.51,101.59,100.17,99.91,99.33,99.13,99.86,99.06,100.01,100.31,102.17,101.76,100.89,100.13,99.77,99.58,98.45,98.02,99.15,98.53,99.65,99.45,101.05,101.26,100.92,99.79,100.1,99.67,99.27,98.07,99.55,99.1,98.71,99.1,98.81,98.99,99.59,98.69,98.77,98.78,98.48,96.6,96.02,96.22,95.67,95.48,94.33,95.0,96.58,95.49,95.01,94.52,92.73,91.04,91.34,90.79,91.0,90.68,90.24,90.13,90.32,90.06,88.65,87.72,86.91,85.72,86.78,86.41,86.44,85.84,85.98,85.65,86.18,86.35,86.03,85.76,84.95,83.87,83.85,83.22,82.62,81.64,81.2,80.65,80.06,78.54,77.44,76.86,76.74,75.81,75.34,74.05,72.63,70.83,70.0,69.23,68.59,67.85,66.6,64.1,63.12,62.21,62.25,61.82,61.6,61.38,60.72,60.93,60.95,60.73,60.15,59.99,60.4,60.33,60.17,60.16,60.2,60.09,59.66,59.4,59.15,58.39,57.72,57.27,56.63,56.76,56.83,56.67,56.88,56.63,55.73,55.86,55.93,55.74,55.9,56.14,55.93,56.02,56.24,56.06,56.03,55.73,55.49,55.56,55.74,55.44,55.06,54.81,54.41,54.61,54.65,54.54,54.44,54.24,53.88,54.08,54.2,54.17,54.22,54.25,53.64,53.8,53.71,53.7,53.83,53.62,53.34,53.59,53.51,53.23,53.24,53.27,53.05,53.2,52.7,52.47,52.27,51.97,51.55,51.53,51.09,50.17,49.4,48.82,48.47,48.42,48.29,48.33,48.24,47.77,47.68,47.98,47.68,47.51,47.33,46.9,46.64,46.82,46.56,46.43,46.47,46.12,45.82,45.6,45.52,45.26,45.04,44.82,44.7,44.74,44.61,44.74,44.61,44.44,44.44,44.7,44.91,44.82,44.7,44.61,44.48,44.57,44.39,44.44,44.52,44.31,44.13,44.0,43.96,43.92,44.05,43.66,43.66,43.61,43.48,43.61,43.61,43.48,43.48,43.31,43.27,43.27,43.09,42.92,42.83,42.75
HICP2015,NSA,CP-HI00,IT,102.4,102.6,103.5,103.3,103.3,102.7,101.8,103.1,103.8,103.8,104.1,103.6,101.4,101.9,103.8,103.6,103.9,103.7,102.3,102.3,104.2,104.1,104.0,103.5,101.2,101.5,103.3,103.4,103.7,103.5,101.8,102.0,103.4,103.2,102.9,102.4,100.1,100.6,102.1,101.8,102.0,102.0,100.2,100.1,102.0,102.2,102.3,101.5,99.6,99.4,101.1,100.7,100.9,100.7,98.8,98.9,100.8,100.6,100.3,100.1,98.0,98.4,100.6,100.6,101.0,100.6,98.9,99.1,101.0,100.9,100.7,100.3,98.2,98.0,100.5,100.5,100.7,100.4,98.6,98.7,100.8,100.7,100.8,100.3,98.1,98.5,100.5,100.2,100.5,100.5,98.7,98.7,100.5,100.3,100.3,100.0,97.7,97.9,99.9,99.6,99.8,99.6,97.6,97.5,99.3,99.1,99.1,98.2,95.8,95.6,97.4,97.1,97.1,96.3,94.4,94.1,95.8,95.7,95.6,94.6,92.6,92.5,93.9,93.6,93.6,92.9,92.3,92.2,93.0,92.9,92.9,92.0,90.6,90.7,92.0,91.9,91.8,91.4,90.8,90.6,91.7,91.5,91.3,90.7,89.7,89.5,91.0,91.1,91.5,91.1,90.7,90.7,91.2,90.8,90.2,89.7,88.3,88.3,88.9,88.6,88.3,87.7,87.0,87.2,87.7,87.5,87.2,86.6,85.7,85.6,86.5,86.4,86.3,86.2,85.6,85.8,86.0,85.9,85.7,84.9,83.9,84.0,84.7,84.7,84.7,84.1,83.7,83.8,84.0,84.0,83.7,83.1,82.1,82.2,83.0,82.7,82.6,82.3,81.9,82.0,82.2,82.1,82.0,81.3,80.4,80.6,81.1,81.1,80.9,80.6,80.0,80.2,80.3,80.2,80.1,79.5,78.5,78.9,79.1,78.9,78.7,78.3,77.8,78.0,78.1,78.0,77.8,77.2,76.5,76.7,76.8,76.7,76.5,76.1,75.9,76.1,76.3,76.1,75.9,75.3,74.6,75.0,75.1,75.0,74.8,74.6,74.4,74.4,74.2,74.0,73.7,73.7,73.5,73.2,73.1,72.9,72.8,72.6,72.4,72.4,72.2,72.2,72.0,71.9,71.8,71.6,71.5,71.5,71.4,71.3,71.3,71.2,71.2,71.1,71.1,70.9,70.8,70.6,70.4,70.3,70.1,69.8,69.8,69.8,69.8,69.8,69.6,69.5,69.4,69.3,69.2,69.1,68.8,68.7,68.7,68.6,68.7,68.5,68.3,68.0,67.8,67.5
HICP2015,NSA,CP-HI00,LT,111.33,111.05,110.54,110.49,110.65,110.66,110.32,110.53,110.81,110.34,110.86,110.69,110.84,110.81,110.62,110.1,110.1,110.02,109.03,109.51,109.87,110.15,109.85,108.88,107.86,107.6,107.68,108.22,108.42,107.85,106.37,106.82,107.33,107.42,106.92,106.15,105.73,105.87,105.82,105.69,105.42,105.28,104.45,104.46,104.66,104.42,104.64,103.58,102.49,102.15,101.94,101.46,101.16,100.63,99.86,100.31,101.13,101.14,101.13,100.41,99.35,99.62,99.98,100.35,100.5,100.01,99.4,100.27,100.77,100.95,100.36,99.63,98.82,98.96,100.23,100.88,100.95,100.85,100.4,100.5,100.99,101.0,101.0,100.72,100.33,100.33,100.34,100.52,100.66,100.84,100.13,100.03,100.71,100.91,100.68,100.34,100.02,100.08,99.89,99.97,100.14,100.33,99.6,99.42,99.38,99.42,99.33,98.72,97.77,97.42,97.06,97.2,97.03,97.09,96.28,96.62,96.83,96.93,96.17,95.19,94.26,94.19,93.8,93.09,93.12,92.76,92.21,92.41,92.38,92.34,92.16,91.76,91.5,91.58,90.52,90.81,90.76,91.14,90.62,90.82,91.54,91.85,92.01,92.09,92.09,91.81,89.47,89.63,89.9,89.08,88.63,88.49,88.12,87.58,86.86,85.77,84.87,83.87,82.49,82.1,81.24,80.07,78.98,78.71,78.21,78.01,77.64,76.97,76.54,76.25,76.24,76.07,75.48,74.73,74.83,74.88,74.5,74.31,73.99,73.48,73.33,73.29,72.92,72.87,72.84,72.37,71.8,71.74,71.84,71.73,71.57,71.32,70.92,70.8,70.8,70.84,70.68,70.58,70.18,70.43,70.43,70.38,69.33,69.07,68.71,68.84,68.84,68.85,68.56,68.46,68.7,69.19,69.72,69.66,69.76,69.71,69.53,69.7,69.75,69.52,69.46,69.01,69.37,69.76,69.95,70.18,70.4,70.45,70.87,71.0,70.38,70.14,70.17,69.96,70.09,69.66,70.22,69.83,69.43,69.3,68.92,68.81,68.98,68.79,68.52,68.37,68.27,68.66,68.87,68.45,68.73,68.74,68.89,68.87,67.85,67.67,67.63,68.04,67.57,67.69,67.98,68.08,68.12,68.08,68.25,68.26,67.59,67.56,67.4,66.78,66.89,67.13,66.8,67.34,66.91,66.62,66.41,66.19,65.57,65.3,64.39,64.04,63.98,63.79,63.02,62.98,62.59,62.42,62.46,62.13,60.41,59.82,58.85,58.51,58.03,57.94,57.86,57.43,57.2,56.37,55.09,53.84
HICP2015,NSA,CP-HI00,LU,106.67,107.33,106.32,105.86,106.08,106.13,106.34,105.4,105.72,104.78,105.1,105.99,107.25,106.21,106.68,106.56,106.53,106.5,106.54,105.3,106.11,106.47,105.92,105.63,105.31,103.58,104.78,105.47,105.64,105.38,105.06,103.63,104.53,104.22,103.6,103.15,103.14,101.9,102.83,102.8,102.79,102.61,102.58,101.13,102.09,102.11,102.23,101.98,102.05,100.59,101.24,100.82,100.77,100.59,100.32,99.33,100.6,100.17,99.64,99.49,99.37,98.13,99.66,100.19,100.05,100.27,100.55,99.74,101.02,100.8,100.25,100.11,99.68,97.69,98.82,99.76,100.14,100.45,100.47,99.57,100.56,100.37,100.28,100.05,100.01,98.83,99.76,99.61,99.7,100.15,99.77,98.35,99.38,98.96,99.41,99.29,99.24,97.41,98.25,98.51,98.68,98.62,98.11,96.63,97.43,97.59,97.75,97.33,96.87,95.36,95.87,95.92,95.63,95.55,95.41,94.11,94.98,95.04,94.93,94.59,93.8,92.38,92.71,92.27,92.14,92.04,92.04,91.16,91.5,91.57,91.31,90.92,90.27,89.33,89.91,90.01,89.51,89.66,89.8,88.63,89.42,88.82,88.55,88.13,88.24,86.71,87.71,88.51,89.68,90.05,89.97,89.97,90.31,89.66,88.78,88.37,87.58,86.71,87.09,86.77,86.35,85.89,85.83,85.04,85.73,85.52,85.15,84.66,84.09,83.22,83.5,83.43,83.34,83.8,84.26,83.33,83.84,83.62,83.11,82.71,82.57,81.35,81.67,81.97,82.82,82.16,81.72,80.62,80.7,80.74,80.37,79.72,79.51,78.15,78.94,79.15,78.87,78.5,78.38,77.55,78.21,77.87,77.43,77.05,76.98,76.02,76.28,76.13,75.79,76.13,75.64,74.72,75.26,75.27,75.41,75.53,75.13,74.29,74.49,74.61,74.5,74.19,73.93,73.32,73.77,73.55,73.28,72.85,72.8,71.96,72.47,72.7,72.65,72.57,72.47,71.94,72.88,72.63,71.89,71.6,71.24,70.43,71.81,71.68,71.48,71.22,70.69,70.23,70.96,69.97,69.97,69.51,69.18,68.46,68.86,68.59,68.53,68.33,68.2,67.08,67.94,68.0,67.81,67.48,67.41,66.16,67.28,67.35,67.28,67.28,67.28,67.28,67.15,67.15,66.95,67.08,67.02,67.08,67.02,67.02,66.95,66.82,66.62,66.49,66.36,66.3,66.23,66.23,66.3,66.1,66.03,66.03,65.84,65.71,65.71,65.64,65.57,65.57,65.51,65.38,65.31,65.25
HICP2015,NSA,CP-HI00,LV,108.83,108.36,107.95,107.97,108.32,108.45,108.53,108.99,108.68,108.5,108.78,109.35,109.04,108.85,108.48,108.68,109.06,108.91,109.08,108.89,109.85,109.53,108.86,107.85,106.64,106.53,106.21,106.57,106.75,106.44,105.78,105.75,106.59,105.83,105.35,105.06,103.72,103.49,103.57,103.54,103.44,103.07,102.9,103.0,103.82,103.39,103.19,102.74,101.86,101.45,101.38,100.79,100.71,100.09,99.74,100.41,100.71,100.65,99.91,99.47,98.72,98.63,99.29,99.57,99.64,99.62,99.84,100.27,101.35,101.46,100.65,100.09,99.3,98.94,98.89,99.55,99.78,100.02,99.65,100.43,100.67,100.28,100.08,99.57,99.27,99.28,98.62,98.62,99.05,98.85,98.82,99.82,99.9,99.52,99.26,99.23,98.75,98.82,99.02,98.95,99.07,99.26,98.91,99.28,99.68,99.67,99.66,98.97,98.41,98.25,97.47,97.45,97.53,97.38,97.08,97.45,97.63,97.39,96.97,95.92,95.28,95.01,93.83,93.68,93.52,93.22,92.82,93.49,93.29,92.94,92.96,92.18,91.75,91.78,91.63,92.07,92.72,92.96,93.23,94.17,94.77,95.27,95.65,95.99,95.92,94.9,92.9,93.34,93.81,92.85,91.83,92.23,91.91,91.28,90.36,88.94,87.67,86.52,84.15,83.65,82.51,80.92,79.46,79.14,78.21,77.55,76.98,76.26,75.24,74.83,73.8,73.57,72.86,72.57,72.09,72.27,71.83,71.92,70.75,70.3,70.16,69.88,69.14,69.21,69.0,68.5,67.5,67.57,67.58,67.17,66.68,65.95,65.57,64.98,64.54,64.36,64.05,63.78,63.52,63.56,63.45,63.07,62.28,61.91,61.3,60.89,60.13,60.05,59.73,59.23,58.96,59.6,59.8,59.4,59.28,59.09,58.77,58.58,58.05,57.94,57.84,57.43,57.0,57.43,57.66,57.97,57.86,57.81,57.55,57.73,57.22,57.0,56.9,56.83,56.47,56.84,57.11,56.8,56.23,56.01,55.73,55.8,55.46,55.29,55.06,54.82,54.77,55.07,55.35,55.3,55.43,55.23,55.35,55.08,54.51,54.41,54.0,53.64,53.46,53.57,54.06,53.68,53.44,53.51,53.53,53.41,52.92,52.83,52.61,52.52,52.49,52.73,53.17,52.8,52.79,52.45,52.32,52.23,51.53,51.42,51.12,50.69,50.6,50.46,50.59,50.44,50.12,49.83,49.62,49.42,48.43,48.09,47.73,47.17,46.86,47.21,47.06,46.33,46.14,45.91,45.21,44.44
HICP2015,NSA,CP-HI00,MK,107.68,107.51,107.86,107.67,107.04,107.22,107.93,107.45,107.76,106.57,105.91,105.44,105.07,104.79,104.62,104.49,104.81,105.0,105.88,105.38,105.32,107.3,106.7,105.73,105.07,104.78,104.82,105.09,105.62,105.33,105.48,105.08,105.49,105.59,103.84,103.45,103.22,102.96,103.22,103.12,103.2,103.2,103.11,102.71,103.39,102.83,101.54,100.78,100.17,100.89,99.76,99.97,100.53,100.74,100.63,100.56,100.75,100.66,99.93,99.77,99.69,99.84,99.58,99.6,99.74,100.05,100.22,100.09,100.78,100.76,100.31,99.93,99.52,99.41,99.92,99.78,99.8,99.54,99.49,99.82,99.81,100.36,99.94,99.8,100.08,100.07,100.16,99.69,99.86,99.93,99.98,99.66,101.02,100.92,101.37,98.92,98.78,98.58,98.3,98.27,98.25,98.09,97.03,96.09,97.0,97.41,97.7,96.63,96.33,95.97,95.57,95.6,95.08,94.94,95.08,95.33,96.03,96.55,96.74,96.33,94.88,94.05,93.59,92.84,92.48,92.18,92.13,92.2,92.87,92.66,93.35,92.69,92.15,91.7,91.47,90.62,90.34,90.73,90.8,91.31,91.79,93.31,92.27,92.39,92.05,92.19,92.46,92.01,91.93,91.35,91.55,91.91,92.67,92.22,91.94,91.41,90.7,89.89,88.13,87.01,85.9,85.62,85.11,84.88,85.0,85.03,84.35,83.96,83.65,83.71,83.71,83.79,83.06,82.93,83.22,83.58,83.82,84.42,83.31,83.08,83.01,82.76,80.96,80.48,80.67,80.1,79.66,80.17,80.86,80.67,80.45,80.5,80.61,80.18,80.24,,,,,,,,,,,,,,,,,,,,,,,,,,,,,,,,,,,,,,,,,,,,,,,,,,,,,,,,,,,,,,,,,,,,,,,,,,,,,,,,,,,,,,,,,,,,,,,,,,,,,,,,,,,
HICP2015,NSA,CP-HI00,MT,102.75,102.22,103.61,103.93,107.54,108.96,110.35,109.54,109.49,108.02,106.7,103.68,102.63,101.97,103.44,103.69,106.9,108.44,109.63,108.76,108.45,107.02,105.57,102.47,101.5,100.58,102.13,102.35,105.45,106.69,107.56,106.81,106.57,105.19,103.77,101.11,100.19,99.63,100.88,100.97,103.33,104.05,105.0,104.57,104.44,103.39,102.35,99.78,98.87,98.47,99.55,99.5,101.78,102.8,103.72,103.29,103.36,102.24,101.19,98.64,97.69,97.07,98.6,98.74,101.23,101.85,102.68,102.33,102.3,101.26,100.36,97.64,96.75,96.29,97.38,97.45,99.66,100.26,101.26,101.09,101.14,99.97,99.0,97.14,96.21,95.52,97.01,96.82,98.96,99.63,100.41,100.52,100.43,99.6,98.5,95.75,94.7,94.67,96.04,96.58,98.43,99.08,99.76,99.59,99.85,98.77,97.6,94.41,93.04,92.44,93.47,93.19,95.4,96.25,96.64,95.59,95.69,95.22,94.03,92.06,90.68,90.93,92.11,91.66,93.03,93.59,94.28,93.36,92.82,92.9,91.81,89.53,88.33,88.05,88.53,88.69,91.05,91.4,91.56,91.06,91.19,91.26,91.06,89.01,87.67,86.96,88.92,88.76,91.49,90.66,90.62,90.33,88.67,88.22,87.6,85.63,84.67,84.37,84.7,84.64,86.52,86.43,86.0,85.54,84.93,84.76,84.17,82.09,81.46,81.27,82.19,82.26,85.2,85.66,85.49,85.74,85.42,85.63,85.08,81.69,80.82,80.32,81.56,81.53,83.8,83.07,83.03,82.8,82.72,82.72,82.2,79.37,78.98,78.47,78.9,78.17,81.4,81.39,81.02,81.38,81.04,80.74,80.64,77.4,77.04,77.02,77.44,76.67,79.29,78.86,79.03,78.92,78.47,78.35,77.85,75.77,75.21,74.91,75.59,75.34,77.34,77.54,77.66,77.6,76.84,76.89,76.34,73.99,73.71,74.3,74.07,73.66,75.37,75.87,75.91,75.9,75.21,75.07,74.36,71.79,71.37,71.3,71.52,71.31,73.3,73.49,73.53,73.69,73.26,73.43,72.74,70.63,70.58,70.58,70.8,70.01,70.87,71.21,71.23,71.34,70.9,70.86,70.34,68.34,68.31,68.26,67.85,67.47,69.5,69.85,69.91,70.12,69.8,69.84,69.22,66.72,66.62,66.68,65.93,65.34,67.28,67.52,67.39,67.52,67.15,66.99,66.41,64.44,64.24,64.09,63.03,62.8,64.82,65.12,64.86,64.83,64.7,64.77,64.31,61.94,61.65,61.48
HICP2015,NSA,CP-HI00,NL,107.76,106.51,107.22,106.72,108.05,107.19,107.65,108.42,107.45,106.94,107.14,106.09,105.77,104.85,106.24,106.01,106.82,106.16,107.32,106.67,105.67,105.82,106.11,104.98,104.44,103.13,103.35,103.37,103.89,103.36,104.09,103.96,102.85,103.41,102.99,102.06,101.84,101.12,101.49,101.57,101.97,101.75,102.18,102.0,101.17,101.49,101.94,101.03,100.58,99.64,100.27,100.02,100.67,100.31,100.67,100.5,100.2,100.75,100.51,100.4,98.94,98.03,99.53,99.64,100.4,100.4,100.58,101.07,100.4,100.97,100.71,99.88,98.62,97.82,99.04,99.27,100.0,100.12,100.14,100.26,99.92,100.28,100.74,100.16,99.07,98.48,99.1,99.02,99.61,99.86,99.78,100.0,99.65,100.14,100.1,100.02,98.7,97.7,97.73,97.85,98.33,97.54,97.07,97.0,96.59,97.17,97.39,96.93,95.6,94.66,94.54,94.84,95.22,95.12,94.65,94.54,94.23,94.84,94.77,94.2,92.93,92.01,92.23,92.47,92.61,92.39,91.7,91.57,92.11,92.72,92.81,92.49,91.15,90.3,90.56,91.21,91.35,91.11,90.61,90.43,91.9,92.31,92.21,91.89,90.83,89.95,89.91,90.61,90.98,91.13,90.67,90.55,90.66,90.92,90.55,90.23,89.17,88.42,88.45,88.93,88.79,88.66,88.05,87.94,88.61,89.07,89.04,88.55,87.42,86.86,87.07,87.37,87.39,87.54,87.12,86.71,87.01,87.3,87.34,86.93,86.24,85.81,85.6,85.99,86.22,86.23,85.52,85.2,85.48,85.76,85.83,85.73,84.99,84.34,83.92,84.62,84.93,84.83,84.12,83.97,84.27,84.88,84.74,84.45,83.77,83.29,82.87,83.39,83.67,83.85,83.16,82.95,83.04,83.43,83.48,83.4,82.65,82.07,81.58,81.72,82.09,82.17,81.38,81.22,81.31,81.6,81.68,81.17,80.32,79.91,79.04,79.14,79.36,79.33,78.51,78.29,78.34,78.63,78.37,77.77,76.89,76.21,75.17,75.51,75.58,75.31,74.62,74.34,74.55,74.55,74.34,74.07,73.24,72.83,73.04,73.38,73.24,73.17,72.83,72.35,72.76,73.11,73.11,72.9,72.14,71.66,71.66,71.94,71.94,71.73,71.04,71.04,71.25,71.59,71.73,71.45,70.7,70.21,70.63,70.9,70.9,70.83,70.08,69.8,69.73,70.15,70.01,69.94,69.25,69.11,69.11,69.18,69.32,69.11,68.36,68.49,68.7,69.04,69.32,69.11,68.29,67.94
HICP2015,NSA,CP-HI00,NO,115.8,114.9,113.6,112.9,113.9,113.5,113.1,113.7,112.8,112.5,112.3,111.7,111.8,111.9,112.0,112.4,112.0,111.9,111.3,112.1,111.4,111.3,111.6,111.1,111.0,110.0,110.7,110.7,110.1,110.3,109.7,110.1,109.1,108.2,108.2,107.7,107.4,106.2,106.5,106.6,106.3,106.3,105.6,106.4,106.2,105.8,105.5,105.4,105.0,104.5,104.9,105.5,105.2,104.6,104.2,104.9,104.2,103.5,103.1,102.8,102.2,101.6,101.1,101.5,101.1,100.5,99.7,99.9,100.1,99.8,99.6,99.2,98.9,98.5,98.7,98.8,98.7,98.6,98.0,98.4,97.6,97.9,97.9,97.5,97.2,96.7,96.8,97.0,96.8,96.7,96.2,96.3,95.9,96.3,96.4,95.7,95.4,94.7,95.1,94.7,94.7,94.2,93.1,93.6,94.1,94.7,94.7,94.6,94.8,93.6,94.0,94.0,94.0,94.1,93.1,93.8,94.1,94.5,94.8,94.2,93.9,93.4,94.1,92.9,92.7,92.6,92.0,92.3,92.9,93.0,93.5,93.4,92.8,91.6,91.6,91.4,91.1,91.4,90.5,90.7,91.3,90.7,90.5,90.1,90.0,89.1,89.5,89.7,90.4,90.1,88.8,88.8,88.2,88.1,87.9,87.9,87.5,86.9,87.3,86.9,86.0,86.0,85.4,85.4,85.6,85.7,85.6,85.5,84.9,84.5,85.5,86.0,86.2,86.2,84.8,84.9,85.1,85.2,85.2,84.4,84.2,83.4,83.7,83.8,83.8,83.8,83.1,83.0,83.3,83.1,82.8,82.4,82.0,81.9,82.1,82.2,82.2,82.0,81.6,81.9,81.9,81.9,81.9,81.7,81.3,81.1,81.1,81.1,81.1,81.1,80.7,80.6,80.9,81.1,81.5,82.1,82.5,82.3,81.0,80.3,80.0,79.9,79.3,79.6,79.7,79.7,79.5,79.6,79.3,79.0,79.0,78.9,79.0,79.0,78.5,78.7,80.0,80.0,79.6,79.2,79.0,78.3,77.8,77.9,77.6,77.5,76.8,77.1,77.4,76.9,76.8,76.6,76.4,76.0,75.7,75.6,75.3,74.9,74.2,74.6,74.8,74.7,74.8,74.6,74.2,74.0,73.7,73.7,73.5,73.5,73.0,73.3,73.2,73.1,73.2,73.1,72.7,72.5,72.2,72.1,72.1,71.8,71.6,71.6,72.0,71.8,71.6,71.8,71.6,71.4,70.7,70.7,70.7,70.4,70.1,70.2,70.0,69.9,69.7,69.5,69.3,69.2
HICP2015,NSA,CP-HI00,PL,111.4,110.8,109.8,109.5,109.5,109.2,109.0,109.1,109.2,108.6,107.7,107.7,107.5,106.9,106.2,105.6,105.5,105.2,105.1,105.2,105.2,105.0,104.7,103.7,103.3,103.0,103.1,103.1,103.1,102.7,102.4,102.6,102.8,102.7,102.5,102.0,102.0,102.4,102.2,102.0,101.6,101.2,101.0,101.2,101.4,101.5,101.6,101.3,101.3,100.8,100.5,100.0,100.0,99.6,99.6,99.8,100.1,100.0,99.8,99.5,99.4,99.4,99.6,99.8,99.9,99.8,100.1,100.4,100.5,100.4,100.3,99.9,99.6,99.7,100.0,100.3,100.5,100.4,100.5,100.8,101.0,101.0,101.1,101.1,100.9,100.8,100.7,100.6,100.8,100.7,100.6,100.9,100.7,100.7,100.8,100.5,100.2,100.2,100.1,100.1,100.1,99.8,99.8,100.0,100.4,100.2,100.0,99.5,99.0,98.6,98.0,97.5,96.8,96.1,96.1,96.1,96.3,96.7,96.2,95.7,94.9,94.7,93.7,93.4,93.3,92.9,92.4,92.8,92.9,92.7,92.4,92.0,91.8,91.5,91.1,91.1,90.8,90.7,90.7,91.0,90.8,90.6,90.1,89.5,88.8,88.0,87.7,87.7,87.5,87.2,86.9,87.1,87.1,86.9,86.3,86.0,85.7,85.3,84.9,84.7,84.2,83.8,83.2,83.3,83.4,83.3,82.8,82.4,82.0,81.7,81.4,81.6,81.6,81.6,81.6,81.3,81.3,81.5,81.1,80.5,80.4,80.4,80.3,80.6,80.7,80.5,80.2,80.2,80.2,80.3,80.1,79.7,79.7,79.7,79.7,79.7,79.5,79.0,78.8,79.0,79.1,78.5,77.7,77.1,76.9,76.8,76.4,76.2,75.9,75.5,75.1,75.4,75.8,75.9,75.9,75.8,75.5,75.4,75.1,75.1,75.1,74.9,74.6,74.9,75.3,75.6,75.8,75.5,75.3,75.2,74.5,74.3,74.2,73.9,73.6,74.0,74.4,74.5,73.6,73.0,72.6,72.6,72.0,71.8,71.6,71.0,70.3,70.5,70.1,69.5,69.1,68.8,68.2,67.6,66.4,65.8,65.2,64.4,63.5,63.2,63.4,63.3,62.9,62.4,61.7,61.4,60.5,60.3,60.0,59.7,59.3,59.6,59.7,59.5,59.2,58.8,58.5,57.5,55.7,55.1,54.6,54.0,53.4,53.3,53.3,52.4,52.1,51.6,51.2,50.6,49.2,48.7,48.2,47.4,46.4,46.3,46.2,45.8,45.2,44.3,43.6,43.0
HICP2015,NSA,CP-HI00,PT,102.27,102.76,103.1,103.24,103.8,103.92,103.12,103.38,105.5,104.2,104.46,103.67,101.99,102.57,103.4,103.66,104.39,104.76,103.34,103.46,105.27,104.87,104.6,103.53,101.45,101.73,103.02,103.43,104.49,105.03,103.46,104.16,104.57,104.55,103.68,102.69,100.51,101.15,102.37,102.53,103.64,103.15,102.12,101.89,102.53,103.08,103.35,101.86,99.85,100.05,100.74,100.71,101.69,101.49,100.83,100.87,101.5,101.33,100.93,100.48,98.28,98.78,99.86,100.19,100.63,100.78,100.03,100.15,100.82,100.93,100.4,100.01,98.11,98.09,99.57,99.57,99.93,99.89,99.37,99.44,100.06,99.98,99.91,99.57,98.2,98.45,99.84,99.49,99.8,99.93,99.43,100.12,100.31,100.26,100.02,99.96,98.29,98.4,99.67,99.44,99.8,99.66,99.27,99.33,99.14,99.32,99.63,99.29,98.1,97.96,97.63,97.57,97.71,96.83,96.25,96.64,96.52,96.7,96.8,96.27,94.74,94.79,94.33,93.98,93.91,93.58,93.66,93.79,93.43,93.23,93.06,92.67,91.55,91.5,92.08,91.92,91.78,91.77,91.84,92.03,92.38,92.22,92.43,92.1,91.38,91.41,92.21,92.63,93.28,93.44,92.97,93.39,93.86,93.39,92.94,92.65,91.32,91.31,91.44,91.33,91.04,90.57,90.18,90.56,90.78,90.81,90.65,89.82,88.71,88.74,89.0,88.84,88.84,88.82,88.46,88.53,88.66,88.7,88.22,87.72,86.68,86.51,86.81,86.74,86.55,86.26,86.13,85.99,85.63,85.58,85.1,84.47,84.19,84.23,84.66,84.63,84.35,83.97,84.04,84.38,85.06,84.11,83.42,82.64,82.45,82.54,82.54,82.51,82.43,82.21,82.05,81.96,82.08,82.05,81.48,80.8,80.75,80.75,80.7,80.62,80.17,79.7,79.73,79.62,79.43,79.17,78.56,77.9,77.56,77.67,77.58,77.45,77.01,76.74,76.75,76.9,76.74,76.54,75.84,75.37,75.05,74.93,74.66,74.39,73.92,73.72,73.79,73.72,73.39,72.99,72.52,71.71,71.58,71.78,71.91,71.78,71.31,71.18,71.25,71.38,71.38,71.25,71.18,70.71,70.44,70.44,70.71,70.44,70.04,69.84,69.97,70.04,69.91,69.77,69.31,68.77,68.57,68.7,68.77,68.64,68.3,68.37,68.44,68.1,68.1,68.3,67.83,67.77,67.7,67.63,67.37,67.37,67.23,67.37,67.37,67.17,67.03,67.03,66.76,66.23,66.09,65.76
HICP2015,NSA,CP-HI00,RO,112.76,112.29,111.32,110.7,110.67,110.53,110.93,110.95,110.78,110.77,110.76,110.47,110.05,110.09,109.31,108.9,108.68,108.3,108.24,108.23,108.43,108.86,108.3,107.58,107.0,105.98,105.06,104.96,105.26,104.62,104.02,103.94,104.33,104.28,103.69,103.23,102.91,102.66,101.98,101.68,101.03,99.92,99.36,99.61,99.61,99.68,99.46,99.25,99.18,99.28,99.41,99.13,99.09,98.59,98.74,98.74,98.94,99.15,98.82,98.85,98.69,98.95,99.5,99.34,99.03,98.73,98.45,99.07,99.59,102.17,101.51,101.3,100.84,100.46,100.18,100.28,100.48,100.24,100.13,100.49,100.51,100.83,100.87,100.53,100.47,99.96,99.15,98.75,98.74,98.42,98.81,99.04,99.57,99.54,99.28,99.25,99.19,98.79,97.86,97.52,97.59,97.36,96.28,95.76,95.31,95.37,95.1,95.03,94.6,93.97,93.59,93.37,92.98,92.38,92.58,92.9,93.23,93.5,93.3,92.68,92.13,91.42,90.71,90.23,89.75,89.26,88.76,88.56,86.32,86.19,86.07,85.8,85.61,85.45,84.03,83.77,83.21,82.84,82.52,82.68,82.73,82.57,82.56,82.34,81.93,81.26,80.26,80.07,79.8,78.96,78.64,78.71,78.16,77.94,77.56,77.15,76.63,76.09,75.45,74.96,74.27,73.55,72.76,72.14,71.92,71.81,71.35,70.98,70.93,70.89,70.74,70.22,69.46,69.32,69.28,69.33,69.25,69.13,68.72,68.43,68.29,68.12,67.43,67.07,66.27,65.7,65.32,65.25,64.62,64.43,64.23,63.1,62.91,62.52,62.02,61.67,61.27,60.53,59.96,59.64,58.89,58.54,58.37,58.04,57.75,57.39,56.76,56.1,55.31,54.48,53.33,53.19,52.56,52.12,51.87,51.32,50.77,50.36,49.72,48.99,47.77,47.0,46.72,46.34,46.11,45.56,44.73,43.84,43.68,43.18,42.2,41.31,40.21,39.26,38.51,37.67,37.18,36.6,35.97,35.05,34.34,33.59,32.39,31.61,30.74,29.92,29.1,28.57,27.4,26.65,26.17,24.97,24.53,24.01,23.02,22.37,21.51,20.65,20.01,19.77,19.45,18.51,17.57,16.76,15.76,15.32,14.87,14.55,14.28,13.75,13.39,13.3,13.13,12.96,12.67,12.34,11.89,11.09,10.58,10.12,9.71,9.12,8.82,8.52,8.47,8.28,7.94,7.43,5.68,4.78,4.21,3.81,3.6,3.49,3.4,3.28,3.05,3.02,2.87,2.81,2.76,2.71
HICP2015,NSA,CP-HI00,RS,111.9,111.2,110.7,110.7,110.7,110.6,111.2,111.4,111.1,110.4,110.7,110.5,110.6,109.9,109.3,108.9,108.7,108.6,109.1,109.0,109.1,109.2,109.4,108.6,108.1,107.4,107.1,107.0,107.5,107.1,107.6,107.1,107.6,107.1,106.3,105.8,105.7,105.3,105.0,105.0,105.1,104.9,104.9,104.6,105.0,104.8,105.2,104.3,104.0,103.2,101.9,102.1,102.2,101.5,102.2,101.2,101.1,101.0,100.9,100.5,100.6,100.7,100.2,100.4,100.6,100.8,100.8,100.0,100.8,100.1,100.0,99.4,98.7,98.1,98.4,98.8,98.9,99.2,98.6,98.8,98.9,98.8,98.4,97.8,97.9,97.7,96.6,96.5,97.0,96.8,96.8,96.4,97.4,96.4,96.2,95.4,95.4,94.9,94.4,94.8,94.7,92.2,90.1,88.7,88.9,88.0,86.3,85.8,84.9,84.2,84.0,84.5,83.9,83.6,83.5,83.5,83.9,84.2,84.1,83.1,81.0,79.8,78.6,78.0,77.1,76.4,75.4,74.4,74.3,74.2,73.5,73.0,72.1,71.8,71.3,71.3,70.9,71.0,70.8,70.9,71.4,71.1,70.3,69.6,69.3,68.4,66.7,67.2,67.1,66.0,65.3,65.1,65.7,65.5,64.9,63.8,62.8,62.4,61.7,60.9,60.2,59.8,58.9,57.6,57.6,57.4,56.6,56.3,56.0,56.1,55.9,55.9,55.5,55.5,55.5,55.4,56.0,56.0,54.9,53.9,53.5,52.9,52.5,,,,,,,,,,,,,,,,,,,,,,,,,,,,,,,,,,,,,,,,,,,,,,,,,,,,,,,,,,,,,,,,,,,,,,,,,,,,,,,,,,,,,,,,,,,,,,,,,,,,,,,,,,,,,,,,,,,,,,,
HICP2015,NSA,CP-HI00,SE,109.11,108.73,108.79,107.91,107.99,108.06,107.99,108.18,107.93,107.25,106.58,106.97,107.21,106.73,108.14,107.67,107.57,107.43,106.91,107.45,106.94,107.12,106.82,106.1,105.88,105.13,106.29,105.77,105.89,106.05,105.53,105.82,105.21,104.95,104.66,104.25,103.93,103.1,104.05,103.63,103.4,103.51,103.37,103.59,103.0,102.89,102.84,102.25,102.25,101.5,102.28,101.73,101.69,101.29,101.13,101.27,101.19,101.08,100.86,100.85,100.3,99.96,100.54,100.38,100.55,100.45,99.96,100.13,100.0,100.26,99.82,99.66,99.54,98.71,99.8,99.54,99.62,99.56,99.32,99.35,99.6,99.38,99.31,98.92,98.88,98.35,99.53,99.22,99.3,99.52,99.09,98.96,99.09,99.23,99.03,99.26,98.75,98.2,99.17,98.94,99.14,99.04,98.31,98.19,98.64,98.95,98.99,98.73,98.29,97.57,98.15,98.18,97.98,98.09,97.41,97.47,97.74,98.06,98.02,97.7,97.32,96.84,97.72,97.12,96.94,96.63,95.84,95.9,96.32,96.38,96.3,96.36,96.13,95.53,95.7,95.47,95.44,95.19,94.77,94.6,94.82,94.63,94.31,94.04,93.53,93.02,93.1,93.26,93.72,93.91,93.02,92.92,93.37,93.02,92.64,92.3,91.49,91.15,91.16,91.09,90.59,90.14,89.39,89.5,89.78,89.67,89.79,89.37,88.87,88.46,88.91,88.93,88.92,88.75,88.32,88.29,88.59,88.59,88.41,87.93,87.36,87.04,87.63,87.59,87.87,87.68,86.96,86.78,86.98,86.93,86.83,86.68,86.46,86.02,86.55,86.55,87.09,86.75,86.05,86.16,86.29,86.73,86.42,86.2,85.43,85.56,85.77,85.64,85.84,85.8,85.11,85.13,85.32,85.44,85.57,85.83,85.34,84.51,84.25,83.96,84.19,83.89,83.23,83.14,83.65,83.81,83.65,83.36,82.58,82.35,82.87,82.79,82.78,82.93,81.94,81.73,82.28,82.45,81.8,81.02,80.35,80.06,80.31,80.45,80.39,80.2,79.52,79.47,79.93,79.96,79.49,79.59,79.2,78.83,79.25,79.04,79.32,79.21,78.5,78.47,78.88,78.94,78.74,78.57,78.11,78.08,78.36,78.41,78.57,78.34,77.9,78.33,78.52,78.69,78.49,78.19,77.97,78.04,78.32,78.35,78.47,78.43,77.45,77.33,77.48,77.47,77.39,76.9,76.45,76.43,76.28,76.31,76.42,76.42,75.84,76.15,76.28,76.56,76.49,76.14,75.6,75.41
HICP2015,NSA,CP-HI00,SI,104.41,104.2,104.48,104.56,105.2,104.85,105.02,105.05,105.21,104.3,103.56,104.91,105.56,105.15,105.71,105.77,105.74,105.64,105.79,105.38,106.1,105.75,104.93,104.23,103.5,102.78,103.68,104.31,104.21,103.84,103.29,103.27,104.15,104.12,103.07,102.61,102.22,101.56,102.21,102.14,101.87,101.6,101.27,101.14,101.76,101.86,101.18,101.14,100.79,99.84,100.29,100.69,100.61,100.18,99.9,99.97,100.84,100.33,99.5,99.16,98.36,98.32,99.67,100.02,99.92,99.95,100.08,100.07,100.79,100.87,100.2,100.1,99.24,99.08,100.27,100.95,101.07,100.98,100.69,100.75,101.77,101.7,100.97,100.5,99.77,99.8,100.36,100.9,101.03,101.09,100.71,100.42,100.75,100.72,100.45,99.88,99.59,98.91,99.45,99.69,99.88,99.6,98.47,97.69,98.54,99.16,98.88,97.72,96.74,96.18,96.46,96.95,96.79,96.05,95.48,95.22,96.25,96.88,96.08,95.38,94.09,94.07,94.48,94.34,94.07,93.93,94.35,94.22,94.78,94.59,94.21,93.18,92.23,91.93,92.48,92.88,92.18,92.07,92.16,92.1,92.86,92.37,91.79,91.58,90.85,90.3,90.57,91.24,92.05,92.06,92.06,92.7,92.71,91.88,90.82,90.16,88.98,89.09,89.0,88.66,87.85,87.22,86.83,86.7,86.79,86.49,85.51,84.57,83.67,83.76,84.17,83.83,83.57,84.19,83.92,83.34,83.58,83.83,83.08,82.35,81.75,81.44,81.73,81.81,82.26,82.15,81.36,81.75,81.14,81.1,80.81,80.77,79.93,79.41,79.83,80.17,79.76,79.65,79.96,80.19,79.77,79.43,78.71,78.23,77.76,77.64,77.28,77.26,77.12,77.01,77.1,77.29,76.78,76.44,75.99,75.56,75.06,74.64,73.79,73.41,73.52,73.34,73.01,72.88,72.32,72.44,72.15,71.09,70.56,69.97,68.87,68.91,68.68,68.4,67.81,67.79,67.64,67.31,66.53,66.09,65.36,64.56,64.33,64.28,63.55,63.18,62.31,62.13,61.62,61.21,60.98,60.62,60.07,59.52,59.06,58.55,58.23,57.96,57.54,57.04,56.12,56.12,55.8,55.62,55.43,55.21,54.66,54.33,54.1,53.97,53.92,53.83,53.83,53.88,53.37,52.91,52.5,52.04,51.35,51.03,50.67,50.39,50.07,50.02,49.75,49.7,48.92,48.33,48.14,47.78,47.18,46.81,46.59,46.17,45.99,46.22,46.13,46.04,45.76,45.07,44.43,43.88
HICP2015,NSA,CP-HI00,SK,109.31,109.0,108.65,108.71,108.61,108.45,108.41,108.54,108.46,108.58,108.26,108.34,108.37,108.23,106.89,107.05,106.87,106.97,106.87,106.64,106.49,106.39,106.01,105.78,105.09,104.86,103.61,103.76,103.9,103.81,103.77,103.53,103.7,103.57,103.56,102.95,102.75,102.59,101.71,101.73,101.4,101.05,100.88,100.87,100.82,100.82,100.56,100.42,100.55,100.02,99.75,99.67,99.58,99.3,99.27,99.41,99.82,99.69,99.74,99.38,99.37,99.24,99.53,99.88,99.9,99.82,100.06,100.27,100.55,100.44,100.13,99.87,99.68,99.87,99.99,100.26,100.43,100.34,100.28,100.49,100.64,100.53,100.26,100.26,100.28,100.38,100.12,100.28,100.44,100.43,100.46,100.64,100.72,100.57,100.46,100.42,100.4,100.43,99.73,99.8,99.73,99.34,99.06,99.01,99.07,98.84,98.74,98.5,98.19,97.97,96.48,96.44,95.95,95.74,95.47,95.35,95.51,95.56,95.25,94.8,94.42,94.16,92.25,92.02,91.76,91.73,91.74,91.84,91.72,91.73,91.67,91.34,91.22,91.21,91.1,91.15,90.89,90.74,90.78,90.97,91.08,91.07,91.01,91.11,91.36,91.38,91.06,91.12,91.01,90.7,90.35,90.41,90.42,90.1,89.76,89.49,89.23,88.97,87.94,87.7,87.35,86.75,86.5,86.58,86.68,86.62,86.6,86.36,86.31,86.23,85.8,85.74,85.29,85.27,85.44,85.53,85.43,85.31,84.89,84.63,84.62,84.35,82.77,82.73,82.72,81.62,81.39,81.47,81.73,81.41,81.31,81.13,81.16,81.05,79.72,79.82,79.94,79.81,79.69,79.78,79.64,79.49,79.22,79.22,79.04,78.52,75.29,75.15,75.02,74.88,74.4,73.59,73.62,73.44,73.4,73.36,72.91,72.5,68.85,68.62,68.62,68.53,68.25,67.82,67.97,68.23,68.16,67.91,67.89,67.68,66.7,66.61,66.45,66.45,66.26,66.38,66.13,66.05,65.73,65.45,65.05,63.57,62.51,62.37,62.15,61.91,61.53,61.48,61.49,61.53,61.36,61.4,61.17,59.14,57.66,57.41,57.19,56.89,56.53,56.27,53.16,52.89,52.82,52.57,52.43,52.03,50.55,50.45,50.23,49.64,49.43,49.55,49.74,49.68,49.38,49.19,49.07,48.72,47.81,47.56,47.26,46.87,46.8,46.32,46.29,46.14,46.12,45.95,45.7,45.48,45.01,44.88,44.7,44.41,43.99,43.75,43.63,43.56,43.35,43.22,43.12,43.01
HICP2015,NSA,CP-HI00,TR,198.5,196.72,193.48,191.09,186.8,182.9,181.13,179.59,178.54,176.54,174.17,172.7,171.71,171.11,168.83,167.59,166.95,163.67,162.07,160.68,158.53,158.49,157.0,154.39,152.81,152.57,150.96,151.57,153.79,149.79,140.91,137.74,136.99,133.5,131.37,128.96,127.69,126.76,125.48,124.62,122.79,120.29,119.51,118.89,118.72,119.04,118.51,116.98,115.8,114.87,112.11,110.28,109.94,108.26,107.96,108.09,106.76,106.47,105.99,105.31,105.35,105.35,103.31,103.08,102.6,100.87,100.06,99.77,99.75,99.92,99.43,98.13,96.96,96.12,94.98,95.36,95.28,93.48,93.45,93.17,92.7,92.26,92.12,91.18,90.1,89.66,87.77,87.34,87.4,85.78,85.08,85.13,84.88,84.3,84.23,84.07,83.48,83.15,81.69,81.37,81.15,79.51,78.77,78.39,78.56,79.28,79.45,78.2,77.89,77.42,76.97,76.53,75.23,72.85,72.3,71.78,72.07,73.12,71.39,70.78,70.49,69.97,69.69,69.9,69.88,68.63,67.79,67.52,67.85,68.23,68.47,68.07,67.67,66.71,65.5,65.15,64.34,62.83,62.58,62.76,62.61,62.53,62.14,62.12,61.45,61.66,61.48,61.74,61.23,59.67,59.41,59.55,59.21,59.43,58.55,57.58,57.03,56.31,55.86,55.74,54.67,53.7,53.15,53.14,53.53,53.66,53.39,52.75,52.27,52.05,51.54,51.42,50.76,50.13,49.49,49.71,49.29,49.13,48.22,47.58,47.45,47.35,47.0,46.85,46.29,45.48,44.94,44.6,44.91,44.97,44.43,44.25,44.09,44.0,43.89,43.63,43.07,42.12,41.73,41.41,41.21,41.27,41.09,40.88,40.5,40.29,39.98,39.71,39.05,38.56,37.96,37.99,38.25,38.38,37.76,36.94,35.79,34.95,34.06,33.53,32.5,31.42,30.36,29.7,29.29,29.16,29.04,28.42,28.13,27.75,26.15,25.37,24.28,22.8,21.44,20.83,20.37,19.69,18.67,16.69,15.59,15.37,14.98,14.69,14.17,13.73,13.34,13.1,12.84,12.79,12.52,12.22,11.85,11.45,10.92,10.3,9.87,9.31,8.79,8.46,8.15,7.95,7.76,7.4,7.11,6.91,6.62,6.43,6.17,5.82,5.47,5.26,5.05,4.96,4.8,4.58,4.4,4.23,3.98,3.78,3.55,3.27,3.04,2.87,2.7,2.63,2.5,2.36,2.23,2.12,2.0,1.93,1.84,1.72,1.63,1.55,1.53,1.49,1.42,1.32,1.25,1.2
HICP2015,NSA,CP-HI00,UK,,,,108.9,109.1,109.1,108.6,109.1,108.6,108.5,108.5,108.6,108.6,108.2,108.5,108.5,108.3,108.5,108.4,107.9,107.9,107.9,107.6,107.0,106.8,106.3,107.1,107.0,106.7,106.6,106.5,105.8,105.8,105.8,105.4,105.0,104.9,104.4,104.9,104.6,104.2,104.1,103.8,103.2,103.3,103.3,102.9,102.5,102.1,101.4,101.9,101.4,101.2,101.1,100.9,100.6,100.6,100.4,100.2,100.2,99.8,99.5,100.3,100.3,100.3,100.2,100.3,100.0,100.2,100.1,99.9,99.7,99.5,99.3,100.1,100.1,100.4,100.3,100.2,99.9,100.2,100.0,100.1,99.7,99.5,99.0,99.6,99.2,99.1,99.1,98.7,98.3,98.3,98.5,98.3,98.1,97.8,97.1,97.6,97.2,97.0,96.5,96.1,95.6,95.5,95.9,96.0,95.4,95.1,94.6,95.1,94.6,94.5,94.4,93.8,93.3,93.3,93.4,93.2,92.2,92.0,91.3,91.2,90.3,90.0,89.8,89.8,89.3,89.5,89.4,89.2,88.7,88.2,87.8,88.0,87.5,87.2,87.1,87.0,86.7,86.7,86.4,86.0,85.8,85.6,84.9,85.5,85.8,85.9,86.1,85.7,85.1,85.2,84.6,84.0,83.4,83.0,82.4,83.0,82.5,82.3,81.9,81.8,81.5,82.0,81.8,81.6,81.4,81.0,80.6,81.3,80.8,80.6,80.5,80.4,80.0,80.1,79.9,79.4,78.9,78.8,78.5,78.9,78.7,78.7,78.6,78.4,78.2,78.1,78.1,77.8,77.5,77.2,77.0,77.4,77.0,76.9,76.7,76.6,76.4,76.6,76.6,76.4,76.1,76.0,75.8,76.2,75.9,76.0,75.9,75.6,75.3,75.4,75.5,75.5,75.3,75.0,74.7,75.2,74.9,74.9,74.8,74.6,74.4,74.6,74.6,74.4,74.1,73.8,73.7,74.0,73.8,73.9,74.1,73.9,73.6,74.1,74.0,73.4,73.0,72.7,72.6,73.2,73.2,73.1,73.1,72.5,72.5,72.9,72.8,72.6,72.3,72.2,71.9,72.6,72.4,72.3,72.4,72.1,71.9,72.3,72.4,72.2,71.9,71.5,71.4,71.8,71.6,71.5,71.5,71.2,71.0,71.3,71.4,71.1,70.7,70.5,70.3,70.7,70.6,70.6,70.6,70.3,69.9,70.2,70.0,69.8,69.5,69.4,69.2,69.5,69.3,69.3,69.3,68.9,68.6,69.0,68.9,68.7,68.4,68.1,67.8
HICP2015,NSA,CP-HI00,US,108.6,107.89,107.33,107.24,107.35,107.39,107.24,106.85,106.2,105.47,105.54,106.53,106.9,106.58,106.15,106.34,106.5,106.28,106.28,106.39,106.23,106.3,106.09,105.45,104.75,104.26,104.08,104.6,105.17,105.04,104.97,105.0,105.08,104.94,104.44,103.98,103.75,103.2,102.54,102.68,102.78,103.02,102.42,102.11,102.29,102.27,102.22,101.87,101.79,101.43,100.73,100.77,101.11,101.09,100.87,100.88,101.22,100.87,100.43,99.89,99.35,99.34,99.23,99.77,100.14,100.29,100.61,100.9,100.98,100.61,100.01,99.81,99.09,98.57,99.29,100.12,100.95,101.4,101.37,101.66,101.77,101.58,101.18,100.81,100.04,99.56,99.13,99.22,99.58,99.99,99.94,99.9,99.88,99.58,99.38,99.57,99.26,98.3,97.97,98.33,98.99,99.15,98.65,98.09,98.17,98.38,98.59,98.25,97.37,96.84,96.32,96.69,96.85,97.16,97.0,96.74,96.66,96.87,96.29,95.46,94.24,93.65,93.09,92.91,92.89,92.76,92.7,92.53,92.53,92.66,92.58,92.37,91.85,91.81,91.35,91.52,91.25,91.08,90.92,90.63,90.84,89.82,89.34,89.06,88.84,88.32,87.95,89.17,91.59,92.87,93.0,93.5,92.96,91.81,90.77,90.03,89.12,88.88,88.46,88.56,87.8,87.61,87.26,87.52,87.67,87.58,86.85,86.13,85.16,84.76,84.61,84.45,84.63,85.41,86.01,85.82,85.64,85.52,85.03,84.15,83.69,83.63,82.95,83.46,84.41,84.3,82.72,82.13,81.78,81.81,81.87,81.06,80.44,80.01,79.94,80.32,80.16,79.59,79.34,79.34,79.61,79.31,78.7,78.45,78.0,77.5,77.11,77.22,77.43,77.63,77.27,76.93,76.93,76.82,77.04,77.29,76.74,76.02,75.73,75.96,75.93,75.81,75.6,75.38,75.34,75.3,75.34,74.83,74.39,74.22,74.09,,,,,,,,,,,,,,,,,,,,,,,,,,,,,,,,,,,,,,,,,,,,,,,,,,,,,,,,,,,,,,,,,,,,,,,
